Date,Timestamp,PriceBTC,PriceUSD,MarketCap,Volume
2017-05-03 00:04:08,1493771647000,0.000258256,0.375199,9111720,14495.2
2017-05-02 00:04:08,1493625254000,0.000274086,0.389641,9461057,50967.0
2017-05-01 00:04:09,1493534349000,0.000289859,0.390697,9485302,31964.7
2017-04-30 00:04:08,1493451549000,0.000282204,0.373015,9054711,42338.8
2017-04-29 00:04:09,1493365149000,0.000237151,0.312205,7577478,37943.8
2017-04-28 00:04:09,1493278749000,0.000240311,0.316665,7684604,43812.5
2017-04-27 00:04:08,1493192349000,0.000206704,0.264805,6425157,41304.2
2017-04-26 00:04:09,1493121848000,0.000179941,0.227714,5524383,22141.4
2017-04-25 00:04:08,1493036950000,0.000188927,0.236187,5729107,20111.8
2017-04-24 00:04:08,1492951147000,0.000180099,0.217417,5273039,39810.1
2017-04-23 00:04:06,1492864749000,0.000169288,0.208513,5056348,32831.0
2017-04-22 00:04:07,1492778349000,0.000161184,0.196975,4775857,44776.8
2017-04-21 00:04:08,1492691947000,0.000176842,0.217353,5269169,275568.0
2017-04-20 00:04:10,1492605550000,0.000192095,0.232491,5635335,285621.0
2017-04-19 00:04:08,1492519147000,0.000304839,0.369365,8951712,134086.0
2017-04-18 00:04:08,1492432748000,0.000321878,0.384294,9312160,154523.0
2017-04-17 00:04:08,1492346349000,0.000303765,0.359336,8706114,112403.0
2017-04-16 00:04:08,1492260548000,0.000294837,0.345702,8374552,65743.5
2017-04-15 00:04:07,1492174148000,0.00029456,0.343911,8329942,57588.7
2017-04-14 00:04:07,1492087748000,0.000281872,0.329587,7981831,327548.0
2017-04-13 00:04:09,1492001347000,0.000270028,0.324133,7848589,27700.5
2017-04-12 00:04:07,1491914947000,0.000272126,0.327915,7939000,31645.8
2017-04-11 00:04:07,1491828547000,0.000287866,0.341735,8272377,69249.7
2017-04-10 00:04:07,1491742747000,0.000293159,0.348235,8428488,299171.0
2017-04-09 00:04:08,1491656349000,0.000374157,0.43999,10647704,1540710.0
2017-04-08 00:04:07,1491569949000,0.000653875,0.769545,18620143,1497690.0
2017-04-07 00:04:07,1491483549000,0.000214834,0.25408,6146894,18625.8
2017-04-06 00:04:07,1491397148000,0.00022127,0.24888,6020207,19817.8
2017-04-05 00:04:07,1491310750000,0.000214324,0.242882,5874265,23562.2
2017-04-04 00:04:09,1491224348000,0.000206047,0.235678,5699197,11815.5
2017-04-03 00:04:08,1491137947000,0.000215748,0.23779,5749423,17270.8
2017-04-02 00:04:07,1491052149000,0.000207351,0.224042,5416225,28555.7
2017-04-01 00:04:08,1490965747000,0.000210085,0.225167,5442622,14530.4
2017-03-31 00:04:07,1490879348000,0.00022652,0.232507,5619218,17978.8
2017-03-30 00:04:07,1490792947000,0.000238969,0.24852,6005339,22880.6
2017-03-29 00:04:08,1490706551000,0.000243507,0.254988,6160742,163807.0
2017-03-28 00:04:18,1490620150000,0.000204769,0.214141,5173086,19044.0
2017-03-27 00:04:08,1490533749000,0.000218535,0.211263,5102807,7108.75
2017-03-26 00:04:07,1490447949000,0.00021999,0.214001,5168181,8988.23
2017-03-25 00:04:07,1490361550000,0.000213505,0.200166,4833356,9889.45
2017-03-24 00:04:08,1490275147000,0.000214006,0.222264,5366163,6731.23
2017-03-23 00:04:08,1490188750000,0.000211372,0.221759,5353189,10732.4
2017-03-22 00:04:07,1490102349000,0.000215194,0.241133,5820015,9058.68
2017-03-21 00:04:13,1490015952000,0.000211646,0.223124,5384550,13773.0
2017-03-20 00:04:08,1489929564000,0.000208671,0.216338,5220015,5141.17
2017-03-19 00:04:07,1489843748000,0.000204237,0.198889,4798285,5589.06
2017-03-18 00:04:08,1489757348000,0.000203229,0.223599,5393637,6729.53
2017-03-17 00:04:07,1489670951000,0.000199915,0.237461,5727180,8994.14
2017-03-16 00:04:06,1489584548000,0.000193729,0.242086,5837864,7598.01
2017-03-15 00:04:07,1489498147000,0.000204198,0.253206,6105119,8728.94
2017-03-14 00:04:08,1489411748000,0.000210215,0.258968,6243136,6901.87
2017-03-13 00:04:07,1489325347000,0.000206882,0.252681,6090669,11140.3
2017-03-12 00:04:07,1489239547000,0.000203648,0.239455,5771016,15055.0
2017-03-11 00:04:07,1489153148000,0.000199732,0.223045,5374739,8283.23
2017-03-10 00:04:07,1489023847000,0.000213785,0.254081,6121714,9715.71
2017-03-09 00:04:08,1489102748000,0.000204995,0.235744,5679083,4846.25
2017-03-08 00:04:07,1489016347000,0.000201937,0.247077,5951210,4301.98
2017-03-07 00:04:07,1488929947000,0.000195223,0.248486,5984275,5879.4
2017-03-06 00:04:08,1488843547000,0.000193764,0.245523,5912051,5174.74
2017-03-05 00:04:08,1488757148000,0.00019471,0.24439,5883890,8000.42
2017-03-04 00:04:08,1488670747000,0.000194308,0.247741,5963703,2231.84
2017-03-03 00:04:07,1488584348000,0.000180394,0.225675,5431714,11211.4
2017-03-02 00:04:07,1488497947000,0.000201527,0.246367,5928861,5195.92
2017-03-01 00:04:07,1488411547000,0.000200438,0.236511,5690832,5742.74
2017-02-28 00:04:07,1488240846000,0.000200244,0.236282,5684488,12365.4
2017-02-27 00:04:06,1488157147000,0.000205034,0.238906,5746773,3931.01
2017-02-26 00:04:06,1488071347000,0.000219882,0.25151,6049062,5601.83
2017-02-25 00:04:08,1487984947000,0.000218308,0.256224,6161523,7486.34
2017-02-24 00:04:08,1487898546000,0.00022496,0.262465,6310670,13220.5
2017-02-23 00:04:07,1487812148000,0.000212845,0.237842,5717798,5265.94
2017-02-22 00:04:07,1487725746000,0.000213911,0.238575,5734574,4855.3
2017-02-21 00:04:07,1487639347000,0.000223924,0.241834,5812052,13209.8
2017-02-20 00:04:06,1487552946000,0.000199814,0.20938,5031347,7357.38
2017-02-19 00:04:06,1487466546000,0.000203096,0.214149,5145186,5250.5
2017-02-18 00:04:07,1487380147000,0.000201759,0.211083,5070774,5457.6
2017-02-17 00:04:07,1487293748000,0.000203021,0.208592,5010196,4577.01
2017-02-16 00:04:08,1487207346000,0.000203321,0.204842,4919397,8253.74
2017-02-15 00:04:07,1487121546000,0.000201481,0.202397,4859961,5407.17
2017-02-14 00:04:07,1487034546000,0.000216013,0.213992,5137618,9932.27
2017-02-13 00:04:07,1486948146000,0.000229553,0.229365,5505881,4989.11
2017-02-12 00:04:07,1486861747000,0.000226158,0.227165,5452271,4833.54
2017-02-11 00:04:07,1486775347000,0.000228077,0.225493,5411341,5909.85
2017-02-10 00:04:06,1486688948000,0.000219583,0.21835,5239149,7211.68
2017-02-09 00:04:06,1486602547000,0.000231363,0.245955,5900640,13341.1
2017-02-08 00:04:06,1486516147000,0.000239357,0.254041,6093730,11168.8
2017-02-07 00:04:07,1486429747000,0.000266953,0.277137,6646749,18935.9
2017-02-06 00:04:07,1486343348000,0.000263583,0.27079,6493562,38364.2
2017-02-05 00:04:07,1486256948000,0.00023615,0.246281,5904961,2115.82
2017-02-04 00:04:07,1486170548000,0.000225602,0.23235,5570118,6042.54
2017-02-03 00:04:07,1486084148000,0.000227444,0.230127,5516013,5128.26
2017-02-02 00:04:09,1485997748000,0.000230516,0.227985,5463865,7606.32
2017-02-01 00:04:07,1485911347000,0.000230025,0.223217,5348807,11040.2
2017-01-31 00:04:06,1485824947000,0.000239091,0.220055,5272254,6338.96
2017-01-30 00:04:07,1485738547000,0.000236716,0.217659,5214082,8091.64
2017-01-29 00:04:06,1485652747000,0.000239626,0.220837,5289422,8966.43
2017-01-28 00:04:08,1485566347000,0.000245698,0.225981,5411824,4268.99
2017-01-27 00:04:07,1485479947000,0.000244118,0.223999,5363559,4334.42
2017-01-26 00:04:53,1485393547000,0.000246046,0.221821,5310625,4581.94
2017-01-25 00:04:06,1485307148000,0.000249659,0.222867,5334870,3640.16
2017-01-24 00:04:10,1485220748000,0.000248206,0.228601,5471317,7059.0
2017-01-23 00:04:07,1485134351000,0.00025,0.231168,5531937,4114.81
2017-01-22 00:04:06,1485047947000,0.0002475,0.228143,5458732,5443.88
2017-01-21 00:04:06,1484961546000,0.000247149,0.221205,5291943,3341.04
2017-01-20 00:04:07,1484875146000,0.000245159,0.220416,5272292,3937.04
2017-01-19 00:04:07,1484788749000,0.000243611,0.21599,5165651,2843.56
2017-01-18 00:04:07,1484702347000,0.000245209,0.222634,5323755,4161.94
2017-01-17 00:04:06,1484615946000,0.000244348,0.203184,4857930,3583.81
2017-01-16 00:04:08,1484529547000,0.000242086,0.198946,4755881,4978.51
2017-01-15 00:04:06,1484443146000,0.000238559,0.19524,4666588,3904.72
2017-01-14 00:04:07,1484356747000,0.000239161,0.197065,4709497,2445.96
2017-01-13 00:04:07,1484270347000,0.000239001,0.192356,4596271,3717.97
2017-01-12 00:04:07,1484183965000,0.000236775,0.184153,4399595,3348.78
2017-01-11 00:04:05,1484097547000,0.000231582,0.210202,5021171,3704.29
2017-01-10 00:04:08,1484011146000,0.000234904,0.212078,5065232,3267.21
2017-01-09 00:04:06,1483924747000,0.000234855,0.214,5110382,2537.71
2017-01-08 00:04:07,1483838347000,0.000233417,0.212079,5063750,4303.48
2017-01-07 00:04:07,1483751947000,0.000226979,0.205072,4895717,1924.21
2017-01-06 00:04:06,1483665547000,0.000225128,0.22814,5445600,4875.07
2017-01-05 00:04:08,1483579146000,0.000221817,0.256138,6112990,5142.33
2017-01-04 00:04:07,1483492747000,0.000225541,0.235429,5617913,5512.24
2017-01-03 00:04:06,1483406348000,0.000222957,0.227806,5435203,3008.8
2017-01-02 00:04:08,1483319948000,0.000220633,0.220264,5254483,2184.48
2017-01-01 00:04:06,1483233846000,0.00021647,0.208621,4975995,8404.92
2016-12-31 00:04:07,1483147746000,0.000202707,0.19485,4646840,3854.14
2016-12-30 00:04:08,1483061347000,0.000209889,0.204327,4872124,2883.14
2016-12-29 00:04:06,1482974950000,0.000224976,0.219559,5234544,4011.43
2016-12-28 00:04:06,1482888547000,0.000226645,0.211505,5041772,8502.08
2016-12-27 00:04:06,1482802148000,0.000259791,0.235789,5619805,2592.29
2016-12-26 00:04:06,1482715746000,0.000257959,0.231178,5509084,3821.79
2016-12-25 00:04:06,1482629346000,0.000255439,0.229594,5470526,3629.94
2016-12-24 00:04:06,1482542946000,0.000258753,0.238566,5683448,2142.88
2016-12-23 00:04:08,1482456547000,0.000265729,0.229733,5472195,7041.46
2016-12-22 00:04:09,1482370148000,0.000251107,0.209494,4989363,5634.28
2016-12-21 00:04:07,1482283748000,0.000242957,0.194578,4633421,1673.27
2016-12-20 00:04:20,1482197348000,0.000256625,0.20343,4843493,9526.29
2016-12-19 00:04:08,1482110950000,0.000236169,0.186699,4444477,5680.43
2016-12-18 00:04:07,1482024547000,0.000234462,0.185419,4413353,6969.56
2016-12-17 00:04:06,1481938147000,0.000234395,0.183978,4378407,3424.66
2016-12-16 00:04:07,1481851747000,0.000225954,0.175812,4183441,2588.73
2016-12-15 00:04:07,1481765347000,0.000223327,0.174525,4152197,4593.75
2016-12-14 00:04:08,1481679248000,0.000220516,0.172125,4094487,3614.7
2016-12-13 00:04:07,1481592557000,0.00022,0.171619,4081843,8323.41
2016-12-12 00:04:08,1481506146000,0.000216676,0.166782,3966205,5909.59
2016-12-11 00:04:15,1481419747000,0.000214228,0.165952,3945878,3534.11
2016-12-10 00:04:09,1481333346000,0.000216926,0.167639,3985389,2925.02
2016-12-09 00:04:06,1481246947000,0.000212041,0.163443,3885058,2282.31
2016-12-08 00:04:06,1481160547000,0.000212377,0.163134,3877138,3011.3
2016-12-07 00:04:07,1481074147000,0.000213434,0.163111,3876018,4781.04
2016-12-06 00:04:06,1480987747000,0.00021399,0.162354,3857455,4411.66
2016-12-05 00:04:05,1480901946000,0.000205446,0.158989,3776944,3708.26
2016-12-04 00:04:06,1480815847000,0.00021044,0.162282,3854593,3831.09
2016-12-03 00:04:06,1480729146000,0.000212517,0.165326,3926309,2165.92
2016-12-02 00:05:09,1480642748000,0.000207796,0.157255,3734075,2126.76
2016-12-01 00:04:09,1480556347000,0.000209557,0.156265,3710009,4384.66
2016-11-30 00:04:07,1480469947000,0.000207476,0.15262,3622929,2498.3
2016-11-29 00:04:07,1480383547000,0.000214108,0.157543,3739236,1205.7
2016-11-28 00:04:09,1480297148000,0.000210797,0.154311,3661976,2830.31
2016-11-27 00:04:07,1480210748000,0.000228654,0.168148,3989758,5378.54
2016-11-26 00:04:06,1480124346000,0.000229193,0.169981,4032646,3248.61
2016-11-25 00:04:06,1480037946000,0.000223602,0.16553,3926466,739.394
2016-11-24 00:04:07,1479951546000,0.000227849,0.169655,4023715,6990.78
2016-11-23 00:04:06,1479865148000,0.000233635,0.175541,4162692,5148.94
2016-11-22 00:04:07,1479778751000,0.000235927,0.174409,4135228,3187.85
2016-11-21 00:04:06,1479692347000,0.000233936,0.171013,4054100,3497.39
2016-11-20 00:04:07,1479605946000,0.00023024,0.173052,4101821,7803.33
2016-11-19 00:04:07,1479519547000,0.000226444,0.170192,4033429,5453.11
2016-11-18 00:04:08,1479433146000,0.000216443,0.160379,3800300,2604.78
2016-11-17 00:04:07,1479346747000,0.000222315,0.165447,3919808,5499.0
2016-11-16 00:04:17,1479260347000,0.000203868,0.144984,3434480,2688.65
2016-11-15 00:04:06,1479173956000,0.000204109,0.143901,3408315,5042.45
2016-11-14 00:04:06,1479087547000,0.00019994,0.140364,3324042,2218.86
2016-11-13 00:04:07,1479001147000,0.000194191,0.136915,3241876,2157.75
2016-11-12 00:04:07,1478914747000,0.000193862,0.138885,3288032,1912.06
2016-11-11 00:04:07,1478828347000,0.000198281,0.141877,3358360,2175.67
2016-11-10 00:04:08,1478741952000,0.000185543,0.134198,3176115,1565.55
2016-11-09 00:04:07,1478655547000,0.00019909,0.141324,3344268,2811.29
2016-11-08 00:04:06,1478569746000,0.000200115,0.140707,3329168,3203.01
2016-11-07 00:04:06,1478483347000,0.000191006,0.135905,3215070,2657.41
2016-11-06 00:04:08,1478393347000,0.000196759,0.138404,3273701,4032.71
2016-11-05 00:04:06,1478310546000,0.00020134,0.141589,3348535,2702.93
2016-11-04 00:04:07,1478224146000,0.000195715,0.134789,3187240,4223.83
2016-11-03 00:04:07,1478137746000,0.000198351,0.146944,3474140,2759.57
2016-11-02 00:04:07,1478051346000,0.000196389,0.143323,3388020,3255.45
2016-11-01 00:04:06,1477964946000,0.000208527,0.146172,3454850,3494.02
2016-10-31 00:04:09,1477878546000,0.000203725,0.142988,3379087,2348.56
2016-10-30 00:04:07,1477792447000,0.00020273,0.144847,3422503,3422.22
2016-10-29 00:04:23,1477705747000,0.000197117,0.135942,3211607,3559.51
2016-10-28 00:04:06,1477619347000,0.00019799,0.136279,3219098,1284.13
2016-10-27 00:04:10,1477532948000,0.000210337,0.142672,3369606,3058.89
2016-10-26 00:04:07,1477446546000,0.000209862,0.138003,3258840,5027.81
2016-10-25 00:04:06,1477360146000,0.000207399,0.135589,3201361,2547.21
2016-10-24 00:04:07,1477273747000,0.000207235,0.136168,3214546,1957.8
2016-10-23 00:04:07,1477187347000,0.000199856,0.131364,3100670,4096.34
2016-10-22 00:04:06,1477100949000,0.000192879,0.12206,2880632,2728.55
2016-10-21 00:04:06,1477014550000,0.000200628,0.126568,2986582,4876.9
2016-10-20 00:04:06,1476928147000,0.000206632,0.130286,3073853,1978.37
2016-10-19 00:04:06,1476841746000,0.000205418,0.131048,3091368,712.494
2016-10-18 00:04:07,1476755346000,0.000192792,0.123231,2906529,1747.03
2016-10-17 00:04:08,1476668947000,0.000207347,0.13304,3137411,3192.95
2016-10-16 00:04:06,1476582549000,0.000197282,0.125993,2970776,2735.41
2016-10-15 00:04:06,1476496147000,0.000203956,0.130609,3079153,2767.86
2016-10-14 00:04:06,1476409746000,0.000213812,0.136153,3209371,4138.78
2016-10-13 00:04:11,1476323347000,0.000222039,0.141259,3329229,4136.23
2016-10-12 00:04:05,1476236958000,0.000222543,0.142666,3361889,4087.02
2016-10-11 00:04:06,1476151146000,0.000227627,0.1409,3319772,4071.96
2016-10-10 00:04:06,1476064746000,0.000222795,0.137409,3237029,2322.38
2016-10-09 00:04:06,1475978347000,0.000230306,0.142584,3358433,6616.63
2016-10-08 00:04:06,1475891946000,0.000226835,0.139985,3296720,5121.24
2016-10-07 00:04:06,1475805547000,0.000224409,0.137568,3239315,4587.27
2016-10-06 00:04:06,1475719146000,0.000221808,0.13586,3198615,3963.91
2016-10-05 00:04:06,1475632746000,0.000219961,0.134221,3159557,3636.47
2016-10-04 00:04:07,1475546346000,0.000219585,0.134415,3163647,3767.37
2016-10-03 00:04:06,1475459946000,0.000216281,0.132124,3109256,3144.23
2016-10-02 00:04:07,1475373546000,0.000217069,0.133277,3135921,3704.42
2016-10-01 00:04:06,1475287146000,0.000215614,0.131467,3092868,4578.7
2016-09-30 00:04:07,1475200746000,0.000214219,0.129751,3052035,2537.94
2016-09-29 00:04:07,1475114346000,0.000214475,0.129699,3050348,2729.49
2016-09-28 00:04:06,1475027946000,0.000225129,0.136466,3209018,4327.41
2016-09-27 00:04:07,1474941548000,0.000232321,0.141261,3321271,4065.42
2016-09-26 00:04:06,1474855146000,0.000231196,0.138909,3265483,3004.75
2016-09-25 00:04:07,1474768746000,0.000224798,0.135469,3184137,6179.26
2016-09-24 00:04:09,1474682347000,0.000215,0.129611,3045988,1821.91
2016-09-23 00:04:07,1474595946000,0.000209908,0.125168,2941131,3093.22
2016-09-22 00:04:06,1474509547000,0.000203888,0.121752,2860433,3841.52
2016-09-21 00:04:06,1474423147000,0.000209972,0.127728,3000377,2213.53
2016-09-20 00:04:06,1474336746000,0.00021305,0.129796,3048502,1550.47
2016-09-19 00:04:07,1474250346000,0.000218766,0.133419,3133119,1820.63
2016-09-18 00:04:07,1474163946000,0.000224103,0.135803,3188627,2351.16
2016-09-17 00:04:06,1474077546000,0.000220321,0.133729,3139454,6175.78
2016-09-16 00:04:06,1473991146000,0.00021998,0.133562,3135061,2845.55
2016-09-15 00:04:06,1473904746000,0.000219322,0.133936,3143360,4968.06
2016-09-14 00:04:06,1473818947000,0.000209833,0.127839,2999819,2269.92
2016-09-13 00:04:06,1473732546000,0.000215653,0.13117,3077519,3638.08
2016-09-12 00:04:07,1473646147000,0.000224953,0.136483,3201691,6456.96
2016-09-11 00:04:06,1473559747000,0.000212355,0.132406,3105583,8135.94
2016-09-10 00:04:06,1473473347000,0.000178932,0.11145,2613665,2193.25
2016-09-09 00:04:07,1473386947000,0.000172955,0.108325,2539994,4038.76
2016-09-08 00:04:06,1473300547000,0.000178953,0.109974,2578269,3386.44
2016-09-07 00:04:07,1473214147000,0.000172817,0.105494,2472869,3034.96
2016-09-06 00:04:07,1473127747000,0.0001717,0.104151,2441020,4593.88
2016-09-05 00:04:07,1473041346000,0.000178952,0.108916,2552312,3984.68
2016-09-04 00:04:06,1472954946000,0.000179785,0.107549,2519896,1784.91
2016-09-03 00:04:07,1472868547000,0.000175396,0.100947,2364851,1680.76
2016-09-02 00:04:07,1472782147000,0.000175092,0.100206,2347135,1448.29
2016-09-01 00:04:07,1472695748000,0.000173108,0.0996189,2333032,1856.11
2016-08-31 00:04:07,1472609347000,0.000174567,0.100813,2360637,2286.23
2016-08-30 00:04:06,1472522947000,0.000170025,0.0976126,2285351,2383.31
2016-08-29 00:04:07,1472436546000,0.000168102,0.0964756,2258390,1023.45
2016-08-28 00:04:06,1472350147000,0.000169989,0.0968847,2267626,2701.88
2016-08-27 00:04:06,1472263747000,0.000165572,0.095974,2245972,857.103
2016-08-26 00:04:06,1472177346000,0.000169442,0.097897,2290627,1799.6
2016-08-25 00:04:07,1472090947000,0.000157536,0.0913998,2138280,1354.77
2016-08-24 00:04:07,1472004546000,0.000157873,0.0921055,2154462,6110.53
2016-08-23 00:04:06,1471918146000,0.000144977,0.0850656,1989486,1850.35
2016-08-22 00:04:06,1471831747000,0.000150953,0.0877499,2051957,4848.78
2016-08-21 00:04:06,1471745347000,0.000150352,0.0874592,2044852,1289.4
2016-08-20 00:04:06,1471658946000,0.000145649,0.0838399,1959936,1345.99
2016-08-19 00:04:06,1471572546000,0.000142428,0.0817987,1911927,2003.35
2016-08-18 00:04:07,1471486446000,0.000139909,0.0801978,1874224,535.914
2016-08-17 00:04:06,1471400346000,0.000142296,0.0821675,1919963,2280.44
2016-08-16 00:04:07,1471313946000,0.000141788,0.0804279,1879029,1455.6
2016-08-15 00:04:06,1471227545000,0.00013595,0.0775559,1811653,2672.79
2016-08-14 00:04:06,1471141146000,0.000132935,0.0778453,1818138,5085.6
2016-08-13 00:04:06,1471048446000,0.000139971,0.0822413,1920516,2191.54
2016-08-12 00:04:06,1470968346000,0.000131295,0.0773483,1805978,2179.29
2016-08-11 00:04:06,1470881946000,0.000135076,0.079979,1867118,2654.8
2016-08-10 00:04:06,1470795549000,0.000134182,0.0788724,1841005,1315.98
2016-08-09 00:04:06,1470709147000,0.000134866,0.079713,1860344,4288.36
2016-08-08 00:04:06,1470622746000,0.000125533,0.0744023,1736139,1563.83
2016-08-07 00:04:06,1470536346000,0.000124571,0.0732203,1708299,3660.23
2016-08-06 00:04:06,1470449946000,0.000128358,0.0738116,1721831,1867.07
2016-08-05 00:04:06,1470363546000,0.000123724,0.071548,1668773,3549.97
2016-08-04 00:04:06,1470277146000,0.000117769,0.0666992,1555443,13305.0
2016-08-03 00:04:06,1470190746000,0.000102723,0.0562371,1311264,17227.0
2016-08-02 00:04:06,1470104346000,0.0001397,0.0846962,1974538,2911.59
2016-08-01 00:04:06,1470017946000,0.000144968,0.0905587,2110890,16621.2
2016-07-31 00:04:06,1469931546000,0.000142447,0.0933096,2174681,16265.8
2016-07-30 00:04:06,1469845146000,0.000161405,0.106042,2471045,12545.1
2016-07-29 00:04:06,1469758748000,0.000187039,0.122517,2854518,3079.39
2016-07-28 00:04:06,1469672347000,0.000189485,0.12399,2888400,417.937
2016-07-27 00:04:07,1469585946000,0.000194436,0.126731,2951804,628.997
2016-07-26 00:04:06,1469499546000,0.000199468,0.130472,3038475,67.1298
2016-07-25 00:04:07,1469413147000,0.000199989,0.13225,3079413,3532.81
2016-07-24 00:04:06,1469326747000,0.000216022,0.141615,3296966,8958.19
2016-07-23 00:04:07,1469240346000,0.000229411,0.149259,3474395,11018.0
2016-07-22 00:04:07,1469153946000,0.00022972,0.152767,3555538,611.306
2016-07-21 00:04:06,1469067546000,0.000229351,0.152675,3552852,3010.51
2016-07-20 00:04:06,1468981746000,0.000223199,0.150183,3494334,523.239
2016-07-19 00:04:06,1468895346000,0.000218779,0.147262,3425848,2237.16
2016-07-18 00:04:06,1468808946000,0.000202986,0.137921,3208054,8280.81
2016-07-17 00:04:05,1468722246000,0.000190546,0.125907,2928161,13482.7
2016-07-16 00:04:06,1468636146000,0.000203348,0.134872,3136176,3278.31
2016-07-15 00:04:06,1468549746000,0.000184924,0.121695,2829340,70.2746
2016-07-14 00:04:06,1468463346000,0.00018836,0.123275,2865634,2716.75
2016-07-13 00:04:06,1468376946000,0.00019256,0.127966,2974228,2017.22
2016-07-12 00:04:06,1468290546000,0.000190866,0.123616,2872683,491.773
2016-07-11 00:04:07,1468204146000,0.000193127,0.125409,2913908,1821.92
2016-07-10 00:04:06,1468117746000,0.000191987,0.124976,2903401,1265.52
2016-07-09 00:04:06,1468031346000,0.000185522,0.123655,2872270,2729.32
2016-07-08 00:04:06,1467944946000,0.000180921,0.115891,2691516,238.21
2016-07-07 00:04:06,1467858546000,0.000192156,0.130153,3022281,642.798
2016-07-06 00:04:06,1467772146000,0.000187655,0.125847,2921857,672.894
2016-07-05 00:04:06,1467685746000,0.000188022,0.128543,2983998,1460.85
2016-07-04 00:04:07,1467599347000,0.000179292,0.118094,2741018,888.961
2016-07-03 00:04:07,1467512947000,0.000172492,0.121383,2816923,589.979
2016-07-02 00:04:06,1467426546000,0.000170005,0.114974,2667782,5293.5
2016-07-01 00:04:07,1467340147000,0.00017009,0.114528,2657026,2942.08
2016-06-30 00:04:06,1467253746000,0.000183823,0.117626,2728485,4194.92
2016-06-29 00:04:06,1467167346000,0.000180313,0.116663,2705734,1318.83
2016-06-28 00:04:06,1467080946000,0.000171618,0.112457,2607792,974.452
2016-06-27 00:04:06,1466994547000,0.00016564,0.104248,2417058,656.84
2016-06-26 00:04:06,1466908146000,0.000164868,0.109657,2542081,13231.0
2016-06-25 00:04:06,1466821746000,0.000166126,0.110524,2561789,10592.9
2016-06-24 00:04:06,1466735346000,0.000195248,0.12183,2823415,7524.53
2016-06-23 00:04:06,1466648946000,0.000208572,0.124333,2880982,7106.45
2016-06-22 00:04:07,1466562546000,0.000208554,0.139033,3221107,16956.3
2016-06-21 00:04:06,1466476746000,0.000205991,0.151862,3517795,16940.9
2016-06-20 00:04:06,1466390346000,0.000288911,0.220665,5110799,14364.4
2016-06-19 00:04:06,1466303946000,0.000252791,0.191168,4426945,4699.75
2016-06-18 00:04:06,1466217546000,0.000242227,0.181406,4200236,3148.44
2016-06-17 00:04:06,1466131146000,0.00024702,0.189293,4382175,15627.3
2016-06-16 00:04:07,1466044746000,0.000269774,0.18735,4336527,1952.14
2016-06-15 00:04:06,1465958346000,0.00027592,0.189159,4377733,657.086
2016-06-14 00:04:06,1465871946000,0.000271396,0.191165,4423483,4031.06
2016-06-13 00:04:06,1465785546000,0.00028621,0.192558,4455027,1887.19
2016-06-12 00:04:07,1465699146000,0.000325435,0.19745,4567505,3196.11
2016-06-11 00:04:07,1465612746000,0.000298776,0.172534,3990526,1841.59
2016-06-10 00:04:06,1465526346000,0.000300512,0.172683,3993365,3794.49
2016-06-09 00:04:07,1465439947000,0.000320601,0.186476,4311676,2077.43
2016-06-08 00:04:08,1465353547000,0.000330761,0.190716,4409035,2822.48
2016-06-07 00:04:06,1465267146000,0.000360462,0.211064,4878693,2606.38
2016-06-06 00:04:06,1465180746000,0.000355279,0.204277,4721087,6234.13
2016-06-05 00:04:06,1465094346000,0.000368968,0.211318,4883066,1433.21
2016-06-04 00:04:06,1465007946000,0.000351597,0.200127,4623759,4217.12
2016-06-03 00:04:07,1464921548000,0.000352753,0.189771,4383822,1249.94
2016-06-02 00:04:07,1464835146000,0.000352469,0.189248,4371073,9821.75
2016-06-01 00:04:07,1464748747000,0.000340597,0.180988,4179648,969.935
2016-05-31 00:04:06,1464662347000,0.000348406,0.186001,4294753,4376.36
2016-05-30 00:04:07,1464575946000,0.000371442,0.195465,4512587,7934.82
2016-05-29 00:04:07,1464489546000,0.000369002,0.195586,4514692,6134.94
2016-05-28 00:04:06,1464403146000,0.000340388,0.161162,3719510,8409.26
2016-05-27 00:04:06,1464316746000,0.000360075,0.163252,3767170,2902.79
2016-05-26 00:04:06,1464230347000,0.000364378,0.163824,3779793,3739.1
2016-05-25 00:04:06,1464143947000,0.000357616,0.15949,3679228,988.422
2016-05-24 00:04:06,1464057546000,0.000349143,0.155074,3576805,3009.4
2016-05-23 00:04:06,1463971746000,0.000330371,0.145139,3347141,1234.2
2016-05-22 00:04:07,1463885346000,0.000330147,0.146317,3373787,120.487
2016-05-21 00:04:07,1463798946000,0.000330967,0.146511,3377736,2718.86
2016-05-20 00:04:07,1463712547000,0.000317355,0.139228,3209337,2540.66
2016-05-19 00:04:06,1463638746000,0.000292594,0.133019,3065742,2792.39
2016-05-18 00:04:06,1463539746000,0.000309069,0.14025,3231894,1080.88
2016-05-17 00:04:07,1463453347000,0.000307327,0.139577,3215896,2774.45
2016-05-16 00:04:06,1463366947000,0.000321143,0.146945,3385138,2021.02
2016-05-15 00:04:07,1463280547000,0.000318167,0.14498,3339356,125.928
2016-05-14 00:04:08,1463194147000,0.000300784,0.137058,3156399,111.535
2016-05-13 00:04:08,1463107747000,0.000313036,0.142358,3277953,4094.12
2016-05-12 00:04:07,1463021347000,0.000307364,0.139152,3203642,65.3119
2016-05-11 00:04:07,1462934947000,0.000299496,0.135041,3108517,1136.81
2016-05-10 00:04:07,1462848548000,0.000299993,0.138142,3179408,5810.53
2016-05-09 00:04:07,1462762148000,0.000300761,0.137913,3173647,237.242
2016-05-08 00:04:07,1462675747000,0.0003009,0.137974,3174563,342.766
2016-05-07 00:04:08,1462589348000,0.000289985,0.133278,3066035,274.828
2016-05-06 00:04:07,1462502947000,0.000288712,0.129336,2974892,69.6862
2016-05-05 00:04:07,1462416547000,0.000290033,0.129564,2979676,1399.08
2016-05-04 00:04:23,1462330147000,0.000285021,0.128346,2951209,362.377
2016-05-03 00:04:07,1462243747000,0.00028503,0.126744,2913922,116.653
2016-05-02 00:04:07,1462157349000,0.000283269,0.128002,2942386,357.31
2016-05-01 00:04:54,1462070947000,0.000270989,0.121489,2792237,434.652
2016-04-30 00:04:08,1461984547000,0.000262442,0.119436,2744629,513.465
2016-04-29 00:04:07,1461898148000,0.0002568,0.115306,2649312,284.171
2016-04-28 00:04:08,1461811747000,0.000250484,0.111387,2558871,965.831
2016-04-27 00:04:08,1461725647000,0.0002494,0.116243,2670013,207.539
2016-04-26 00:04:08,1461638947000,0.00025079,0.115721,2657611,21007.8
2016-04-25 00:04:07,1461552547000,0.000300646,0.137863,3165630,5603.71
2016-04-24 00:04:08,1461466748000,0.000319901,0.144046,3307094,470.951
2016-04-23 00:04:08,1461380347000,0.000334507,0.149102,3422644,3980.54
2016-04-22 00:04:07,1461293947000,0.000349524,0.157085,3605333,1853.66
2016-04-21 00:04:08,1461207547000,0.00034533,0.152425,3497840,475.697
2016-04-20 00:04:07,1461121147000,0.000342372,0.149106,3421148,447.234
2016-04-19 00:04:07,1461034747000,0.000341839,0.146509,3361041,1049.92
2016-04-18 00:04:07,1460948348000,0.000359284,0.153558,3522203,1422.97
2016-04-17 00:04:07,1460861948000,0.000352732,0.151877,3483105,1756.39
2016-04-16 00:04:07,1460775547000,0.000350045,0.150419,3449136,4741.1
2016-04-15 00:04:07,1460689147000,0.000358454,0.152086,3486818,2498.63
2016-04-14 00:04:07,1460602747000,0.00035004,0.148324,3400046,1167.76
2016-04-13 00:04:07,1460516347000,0.0003671,0.156087,3577442,293.905
2016-04-12 00:04:08,1460429947000,0.000369955,0.1563,3581769,1085.9
2016-04-11 00:04:08,1460343548000,0.000369228,0.155653,3566387,301.069
2016-04-10 00:04:07,1460257147000,0.000378083,0.158572,3632704,4413.2
2016-04-09 00:04:07,1460170748000,0.000378195,0.158974,3641348,912.802
2016-04-08 00:04:07,1460084649000,0.000398224,0.168347,3855440,1592.17
2016-04-07 00:04:07,1459997947000,0.000399852,0.169302,3876718,2535.6
2016-04-06 00:04:08,1459911548000,0.00040536,0.171885,3935257,2039.73
2016-04-04 00:04:07,1459738747000,0.000397709,0.167397,3831313,3475.96
2016-04-03 00:04:07,1459651747000,0.000375695,0.15812,3618427,1201.35
2016-04-02 00:04:09,1459565947000,0.000371276,0.155179,3550570,967.522
2016-04-01 00:04:07,1459479547000,0.000369294,0.153895,3520646,1809.69
2016-03-31 00:04:08,1459393148000,0.000368692,0.152939,3498231,458.198
2016-03-30 00:04:07,1459306747000,0.000369262,0.153804,3517480,915.837
2016-03-29 00:04:11,1459220947000,0.000369957,0.156947,3588798,1572.46
2016-03-28 00:04:07,1459134548000,0.000357102,0.152399,3484262,1700.07
2016-03-27 00:04:07,1459048147000,0.00035967,0.150322,3436241,2577.53
2016-03-26 00:04:07,1458961748000,0.000349879,0.145961,3336038,4537.11
2016-03-25 00:04:08,1458875347000,0.000298296,0.124208,2838421,4885.53
2016-03-24 00:04:07,1458788948000,0.00031589,0.132055,3017282,2454.64
2016-03-23 00:04:08,1458702547000,0.000309895,0.129564,2959908,661.164
2016-03-22 00:04:07,1458616153000,0.000309999,0.128125,2926582,3859.73
2016-03-21 00:04:07,1458527047000,0.000302292,0.125075,2856467,1769.67
2016-03-20 00:04:07,1458443347000,0.000309876,0.127187,2904251,2256.9
2016-03-19 00:04:18,1458356947000,0.000309844,0.126896,2897157,3268.67
2016-03-18 00:04:07,1458270547000,0.000292662,0.1231,2810051,2899.77
2016-03-17 00:04:07,1458182947000,0.000292523,0.121985,2784167,583.346
2016-03-16 00:04:07,1458097747000,0.000288836,0.120395,2747451,1704.86
2016-03-15 00:04:08,1458011348000,0.000279493,0.116391,2655663,356.645
2016-03-14 00:04:07,1457924947000,0.000285288,0.118128,2694878,418.753
2016-03-13 00:04:07,1457838547000,0.000289399,0.119124,2717176,122.555
2016-03-12 00:04:08,1457752147000,0.000290325,0.122427,2792081,222.935
2016-03-11 00:04:07,1457665747000,0.000287966,0.120119,2739018,834.534
2016-03-10 00:04:07,1457579347000,0.000295439,0.122566,2794382,907.44
2016-03-09 00:04:07,1457492949000,0.000309971,0.128319,2925085,1286.69
2016-03-08 00:04:07,1457406573000,0.0003167,0.131216,2990659,3738.22
2016-03-07 00:04:07,1457320147000,0.000333032,0.135779,3094177,2304.25
2016-03-06 00:04:07,1457233747000,0.000328666,0.131654,2999705,3465.73
2016-03-05 00:04:07,1457147347000,0.000301869,0.12405,2826007,4191.64
2016-03-04 00:04:07,1457060947000,0.000309905,0.130672,2976396,4866.06
2016-03-03 00:04:08,1456974547000,0.000300974,0.12761,2906196,2241.52
2016-03-02 00:04:07,1456888147000,0.000305914,0.13311,3030982,1882.41
2016-03-01 00:04:07,1456802347000,0.00030484,0.133427,3037727,3127.3
2016-02-29 00:04:07,1456715948000,0.000327772,0.142091,3234472,3251.67
2016-02-28 00:04:08,1456629547000,0.000330282,0.142853,3251308,3348.67
2016-02-27 00:04:07,1456543147000,0.000328154,0.141812,3227112,6421.96
2016-02-26 00:04:08,1456457647000,0.000327402,0.138997,3162557,6195.11
2016-02-25 00:04:07,1456370347000,0.000328403,0.139557,3174805,3473.51
2016-02-24 00:04:08,1456283949000,0.000329482,0.138625,3153108,17187.8
2016-02-23 00:04:08,1456197548000,0.000331917,0.145296,3304321,806.775
2016-02-22 00:04:08,1456111150000,0.000317373,0.139263,3166623,696.361
2016-02-21 00:04:09,1456024749000,0.000334423,0.146198,3323800,555.483
2016-02-20 00:04:08,1455938348000,0.000342432,0.14409,3275368,662.713
2016-02-19 00:04:07,1455851947000,0.000359353,0.151781,3449655,682.409
2016-02-18 00:04:08,1455765549000,0.000378356,0.157518,3579490,2969.83
2016-02-17 00:04:07,1455679148000,0.000402908,0.16418,3730293,953.095
2016-02-16 00:04:09,1455592747000,0.000407204,0.162957,3701933,6463.2
2016-02-15 00:04:11,1455506352000,0.000389452,0.158597,3602314,4525.79
2016-02-14 00:04:08,1455419948000,0.000425108,0.166583,3783110,6842.65
2016-02-13 00:04:08,1455333547000,0.000428816,0.164778,3741543,5626.87
2016-02-12 00:04:09,1455247148000,0.000392493,0.149011,3383000,2782.47
2016-02-11 00:04:08,1455160747000,0.00037839,0.144412,3278077,3239.61
2016-02-10 00:04:07,1455074348000,0.000370087,0.139163,3158432,2600.89
2016-02-09 00:04:07,1454987947000,0.000359039,0.134082,3042634,5370.08
2016-02-08 00:04:08,1454901549000,0.000341811,0.128733,2920796,2835.28
2016-02-07 00:04:07,1454815148000,0.000348978,0.131398,2980798,1644.13
2016-02-06 00:04:09,1454728748000,0.000364762,0.140999,3198099,7186.44
2016-02-05 00:04:08,1454642348000,0.000346983,0.135182,3065674,4411.1
2016-02-04 00:04:08,1454555948000,0.000327182,0.121041,2744551,2537.1
2016-02-03 00:04:08,1454469548000,0.000305962,0.114567,2597351,3931.43
2016-02-02 00:04:08,1454383147000,0.000321904,0.120088,2722091,3859.91
2016-02-01 00:04:07,1454297349000,0.000331439,0.122224,2770073,3093.46
2016-01-31 00:04:07,1454210947000,0.000327583,0.12391,2807846,3815.77
2016-01-30 00:04:08,1454124547000,0.000301281,0.114328,2590306,4768.25
2016-01-29 00:04:07,1454038147000,0.00027,0.102678,2325989,1971.87
2016-01-28 00:04:09,1453952348000,0.000277408,0.109568,2481679,3197.62
2016-01-27 00:04:08,1453865347000,0.000270571,0.106105,2402867,2416.08
2016-01-26 00:04:08,1453778948000,0.000270163,0.10583,2396263,1546.52
2016-01-25 00:04:07,1453692547000,0.000274719,0.110704,2506230,4198.9
2016-01-24 00:04:08,1453606147000,0.000232884,0.0902405,2042634,1900.9
2016-01-23 00:04:07,1453519748000,0.000238237,0.0911238,2062303,2590.04
2016-01-22 00:04:09,1453433348000,0.000212324,0.0871083,1971118,888.137
2016-01-21 00:04:09,1453346347000,0.000214297,0.0900538,2037449,527.434
2016-01-20 00:04:07,1453260549000,0.000217549,0.0827012,1870802,801.594
2016-01-19 00:04:08,1453174148000,0.00022311,0.086381,1953735,4428.66
2016-01-18 00:04:07,1453087749000,0.00014917,0.0570276,1289629,7550.18
2016-01-17 00:04:08,1453001349000,0.000191055,0.0740407,1674104,1045.74
2016-01-16 00:04:08,1452914947000,0.000182021,0.0663159,1499206,3336.36
2016-01-15 00:04:09,1452828547000,0.000200005,0.0860632,1945328,2342.47
2016-01-14 00:04:08,1452742147000,0.000200233,0.0865748,1956585,21136.1
2016-01-13 00:04:09,1452655749000,0.000271358,0.118228,2671534,470.845
2016-01-12 00:04:08,1452568748000,0.000270101,0.121121,2736473,5543.32
2016-01-11 00:04:09,1452482949000,0.000260703,0.116793,2638271,815.139
2016-01-10 00:04:08,1452396550000,0.000272475,0.121963,2754625,1657.78
2016-01-09 00:04:08,1452310148000,0.000256251,0.11614,2622693,1921.11
2016-01-08 00:04:08,1452223750000,0.000261322,0.119698,2702612,937.164
2016-01-07 00:04:07,1452137350000,0.00026177,0.112327,2535784,679.212
2016-01-06 00:04:08,1452051549000,0.000304555,0.131556,2969409,1900.8
2016-01-05 00:04:10,1451965151000,0.000293903,0.127287,2872596,1136.59
2016-01-04 00:04:10,1451878752000,0.000284903,0.122512,2764398,761.615
2016-01-03 00:04:10,1451792351000,0.000289985,0.125691,2835683,4689.14
2016-01-02 00:04:09,1451705950000,0.000318471,0.138323,3120172,1265.06
2016-01-01 00:04:09,1451619549000,0.000341225,0.14692,3313574,1255.44
2015-12-31 00:04:11,1451533151000,0.000399092,0.170261,3839395,3500.56
2015-12-30 00:04:10,1451446749000,0.000351875,0.152356,3435096,1798.87
2015-12-29 00:04:09,1451360350000,0.000326607,0.137919,3109101,3818.69
2015-12-28 00:04:11,1451273949000,0.000340744,0.144075,3247358,2607.11
2015-12-27 00:04:09,1451187550000,0.000374722,0.156362,3523746,2697.46
2015-12-26 00:04:10,1451101149000,0.000358576,0.163386,3681458,225.38
2015-12-25 00:04:08,1451014750000,0.000353749,0.16095,3625995,2072.42
2015-12-24 00:04:09,1450928350000,0.000399934,0.176931,3985399,5284.0
2015-12-23 00:04:10,1450841950000,0.00028708,0.125331,2822650,4275.84
2015-12-22 00:04:10,1450755549000,0.000244326,0.107171,2413275,487.657
2015-12-21 00:04:08,1450669149000,0.00024804,0.109804,2472171,435.128
2015-12-20 00:04:09,1450582749000,0.000260224,0.120307,2708212,1348.86
2015-12-19 00:04:09,1450496349000,0.000261366,0.121173,2727278,4232.18
2015-12-18 00:04:10,1450409951000,0.000292638,0.133466,3003484,5032.05
2015-12-17 00:04:09,1450323551000,0.000306399,0.139391,3136322,23624.2
2015-12-16 00:04:11,1450237150000,0.000427975,0.199146,4480121,3192.96
2015-12-15 00:04:10,1450150750000,0.00046404,0.206118,4636244,1458.41
2015-12-14 00:04:11,1450064350000,0.000468021,0.203007,4565542,3128.42
2015-12-13 00:04:10,1449977950000,0.000497456,0.216392,4865794,5250.23
2015-12-12 00:04:09,1449891549000,0.000390027,0.176268,3962937,12850.8
2015-12-11 00:04:09,1449805149000,0.000470258,0.195382,4391972,3085.91
2015-12-10 00:04:11,1449718750000,0.000495539,0.206919,4650574,1969.98
2015-12-09 00:04:10,1449632350000,0.000505128,0.209913,4717124,1590.8
2015-12-08 00:04:10,1449546551000,0.000508139,0.200987,4515824,4817.23
2015-12-07 00:04:11,1449460150000,0.000511508,0.198866,4467463,20908.5
2015-12-06 00:04:10,1449373751000,0.000508934,0.197949,4446159,5490.58
2015-12-05 00:04:12,1449287349000,0.000500207,0.181667,4079796,4511.08
2015-12-04 00:04:09,1449200949000,0.000490229,0.176995,3974241,3073.28
2015-12-03 00:04:09,1449114549000,0.000484666,0.174086,3908308,5807.64
2015-12-02 00:04:09,1449028149000,0.00047948,0.173806,3901402,4113.45
2015-12-01 00:04:08,1448941749000,0.000471239,0.177808,3990607,5220.69
2015-11-30 00:04:09,1448855350000,0.000448311,0.166455,3735228,2134.52
2015-11-29 00:04:10,1448768949000,0.000464413,0.165973,3723823,2690.35
2015-11-28 00:04:11,1448694852000,0.000462828,0.165712,3717384,19361.2
2015-11-27 00:04:10,1448592251000,0.000464681,0.163886,3675838,36791.9
2015-11-26 00:04:11,1448509751000,0.000415483,0.136364,3058059,10263.4
2015-11-25 00:04:13,1448423358000,0.000420173,0.134475,3015224,7656.51
2015-11-24 00:04:10,1448336949000,0.000420175,0.135736,3043021,12862.0
2015-11-23 00:04:08,1448250552000,0.000405186,0.131497,2947526,5350.7
2015-11-22 00:04:09,1448167448000,0.000388247,0.126928,2844670,3289.51
2015-11-21 00:04:10,1448077748000,0.000385603,0.124173,2782481,1677.45
2015-11-20 00:04:10,1447991351000,0.000389999,0.127198,2849810,1264.93
2015-11-19 00:04:10,1447904950000,0.000388538,0.130001,2912149,1780.2
2015-11-18 00:04:51,1447818551000,0.000381089,0.127701,2860176,3154.34
2015-11-17 00:04:09,1447732149000,0.000369819,0.122318,2739165,5408.27
2015-11-16 00:04:12,1447645749000,0.000359723,0.115171,2578689,2760.18
2015-11-15 00:04:09,1447561149000,0.000346357,0.115304,2581237,1751.2
2015-11-14 00:04:11,1447472650000,0.000350559,0.118052,2642319,3761.23
2015-11-13 00:04:09,1447386550000,0.00035357,0.119561,2675650,1817.05
2015-11-12 00:04:09,1447300150000,0.000332936,0.103571,2317425,2408.79
2015-11-11 00:04:08,1447213749000,0.000341397,0.114989,2572481,1205.53
2015-11-10 00:04:09,1447127350000,0.000347349,0.132082,2954388,5038.87
2015-11-09 00:04:09,1447041550000,0.000350937,0.131029,2930351,2558.74
2015-11-08 00:04:10,1446957249000,0.000339364,0.131158,2932744,4523.84
2015-11-07 00:04:09,1446868749000,0.000351039,0.131453,2938896,2548.38
2015-11-06 00:04:09,1446782349000,0.000357784,0.138231,3090095,7552.85
2015-11-05 00:04:12,1446695948000,0.000337543,0.13892,3105248,10049.5
2015-11-04 00:04:09,1446608948000,0.000319921,0.129062,2884640,19917.8
2015-11-03 00:04:08,1446523150000,0.00035108,0.126806,2833932,12550.9
2015-11-02 00:04:09,1446436749000,0.000266708,0.086795,1939512,2285.88
2015-11-01 00:04:10,1446346748000,0.000282206,0.0886594,1980988,730.16
2015-10-31 00:04:08,1446261848000,0.000289785,0.0950539,2123696,1828.3
2015-10-30 00:04:10,1446177549000,0.000245207,0.0769594,1719272,1647.6
2015-10-29 00:04:09,1446091152000,0.000254477,0.0775182,1731542,3060.35
2015-10-28 00:04:09,1446004749000,0.0002621,0.0770018,1719831,3275.07
2015-10-27 00:04:08,1445918348000,0.000233676,0.0666678,1488875,682.378
2015-10-26 00:04:08,1445831949000,0.00020671,0.0586395,1309462,2284.49
2015-10-25 00:04:09,1445746149000,0.00027338,0.0769987,1719266,1736.45
2015-10-24 00:04:10,1445658249000,0.000241979,0.0669064,1493738,784.553
2015-10-23 00:04:09,1445572749000,0.000263929,0.0723226,1614075,3449.34
2015-10-22 00:04:09,1445486349000,0.000182267,0.0485327,1082800,378.301
2015-10-21 00:04:09,1445399948000,0.000189174,0.0509754,1137193,1867.95
2015-10-20 00:04:09,1445313548000,0.000188886,0.0497595,1109974,22068.7
2015-10-19 00:04:09,1445227149000,0.000221084,0.057845,1290230,11163.4
2015-10-18 00:04:16,1445140748000,0.000296609,0.0802743,1790393,5203.79
2015-10-17 00:04:09,1445053750000,0.000315335,0.0828918,1848630,9084.44
2015-10-16 00:04:10,1444967949000,0.000349314,0.0888375,1981109,6043.19
2015-10-15 00:04:10,1444881549000,0.000349965,0.0881873,1966476,9688.46
2015-10-14 00:04:10,1444795148000,0.000327593,0.0817371,1822518,1985.88
2015-10-13 00:04:09,1444708749000,0.000345473,0.0847474,1889514,14502.6
2015-10-12 00:04:09,1444622348000,0.000317031,0.0783226,1746140,964.097
2015-10-11 00:04:09,1444537450000,0.000351611,0.0861239,1919948,6503.31
2015-10-10 00:04:10,1444450149000,0.000342556,0.08356,1862664,8867.12
2015-10-09 00:04:09,1444363749000,0.000330646,0.080117,1785793,1896.43
2015-10-08 00:04:08,1444277350000,0.000331528,0.0805511,1795327,1348.75
2015-10-07 00:04:09,1444190950000,0.000333572,0.0820798,1829276,6065.52
2015-10-06 00:04:09,1444104549000,0.000304765,0.0732604,1632605,2806.12
2015-10-05 00:04:09,1444018149000,0.000317813,0.0757218,1687350,6344.5
2015-10-04 00:04:09,1443931749000,0.000338636,0.0808425,1801333,15097.2
2015-10-03 00:04:10,1443844449000,0.000251983,0.0597938,1332228,3105.76
2015-10-02 00:04:10,1443758949000,0.00024914,0.0591829,1318517,10135.1
2015-10-01 00:04:10,1443672548000,0.000232957,0.0549919,1225041,7392.34
2015-09-30 00:04:09,1443586151000,0.000225572,0.0533899,1189273,1342.12
2015-09-29 00:04:09,1443499750000,0.000215371,0.0515042,1147180,2538.68
2015-09-28 00:04:09,1443413049000,0.000223261,0.0519655,1157352,1359.82
2015-09-27 00:04:09,1443326949000,0.000225769,0.0529067,1178222,5577.67
2015-09-26 00:04:08,1443240249000,0.000224298,0.0527424,1174470,10057.1
2015-09-25 00:04:09,1443154149000,0.000216819,0.0508504,1132257,4513.09
2015-09-24 00:04:09,1443067750000,0.000196648,0.0452847,1008249,4932.72
2015-09-23 00:04:08,1442981349000,0.00018861,0.0434968,968358,5344.13
2015-09-22 00:04:09,1442894949000,0.000194999,0.0442813,985747,11534.6
2015-09-21 00:04:08,1442798946000,0.000203968,0.0471598,1049750,21101.2
2015-09-20 00:04:08,1442722148000,0.000201816,0.0467191,1039861,10241.4
2015-09-19 00:04:08,1442635149000,0.000213925,0.0498391,1109214,30776.7
2015-09-18 00:04:08,1442548148000,0.000183697,0.0422153,939464,13400.2
2015-09-17 00:04:08,1442462948000,0.000193553,0.0443412,986693,32030.4
2015-09-16 00:04:07,1442376548000,0.000161219,0.0371294,826150,15019.5
2015-09-15 00:04:08,1442290148000,0.000141489,0.0326337,726058,10184.4
2015-09-14 00:04:08,1442204349000,0.000125923,0.0290267,645762,19312.7
2015-09-13 00:04:09,1442117947000,0.000112368,0.0264321,588000,10314.3
2015-09-12 00:04:08,1442030948000,9.92407e-05,0.0238284,530051,10567.6
2015-09-11 00:04:08,1441945148000,9.27892e-05,0.0221281,492193,12917.4
2015-09-10 00:04:08,1441858748000,8.09199e-05,0.0192725,428649,9579.77
2015-09-09 00:04:07,1441772348000,8.00089e-05,0.0194907,433480,25277.2
2015-09-08 00:04:10,1441685947000,6.49989e-05,0.0155898,346699,12749.2
2015-09-07 00:04:10,1441599549000,4.47072e-05,0.0107226,238444,2269.31
2015-09-06 00:04:09,1441513150000,4.31014e-05,0.0101296,225244,2407.82
2015-09-05 00:04:10,1441426750000,3.5293e-05,0.00812791,180722,2354.89
2015-09-04 00:04:09,1441340349000,3.77509e-05,0.0086066,191355,3928.1
2015-09-03 00:04:10,1441253950000,3.03551e-05,0.00695994,154735,2168.4
2015-09-02 00:04:13,1441167552000,2.76233e-05,0.00630145,140089,23.1933
2015-09-01 00:04:11,1441081149000,2.84598e-05,0.00654736,145549,468.565
2015-08-31 00:04:09,1440994750000,2.84822e-05,0.00651561,144836,578.471
2015-08-30 00:04:09,1440908349000,2.84213e-05,0.00653064,145162,1266.2
2015-08-29 00:04:09,1440821350000,2.80032e-05,0.00647983,144025,1051.79
2015-08-28 00:04:10,1440735551000,2.75113e-05,0.00618368,137436,223.021
2015-08-27 00:04:10,1440649149000,2.76721e-05,0.00624922,138884,356.294
2015-08-26 00:04:10,1440562749000,2.74781e-05,0.00608939,135324,1136.23
2015-08-25 00:04:10,1440476350000,2.40205e-05,0.00505621,112357,221.86
2015-08-24 00:04:11,1440389950000,2.57257e-05,0.00586981,130428,1515.29
2015-08-23 00:04:09,1440303849000,2.2193e-05,0.00511306,113606,98.9058
2015-08-22 00:04:10,1440217149000,2.22464e-05,0.00517382,114946,2321.4
2015-08-21 00:04:10,1440131050000,2.20077e-05,0.0051795,115066,1231.37
2015-08-20 00:04:09,1440044951000,2.05427e-05,0.00465671,103446,43.3189
2015-08-19 00:04:10,1439957651000,1.98149e-05,0.0041825,92906,82.1901
2015-08-18 00:04:10,1439872149000,2.07509e-05,0.00535323,118906,388.032
2015-08-17 00:04:10,1439785750000,2.00774e-05,0.00519016,115278,884.499
2015-08-16 00:04:10,1439699350000,1.98211e-05,0.00518422,115139,1820.94
2015-08-15 00:04:11,1439612950000,1.99076e-05,0.00528906,117460,431.72
2015-08-14 00:04:09,1439526550000,1.90433e-05,0.00502896,111677,1556.33
2015-08-13 00:04:10,1439440149000,1.98297e-05,0.00528217,117293,299.148
2015-08-12 00:04:10,1439353751000,1.90094e-05,0.00513988,114128,912.727
2015-08-11 00:04:12,1439267350000,1.98e-05,0.00523651,116266,555.657
2015-08-10 00:04:11,1439180951000,1.90856e-05,0.00505927,112323,368.183
2015-08-09 00:04:10,1439072950000,1.701e-05,0.00443956,98556,6.51916
2015-08-08 00:04:11,1439010852000,1.70052e-05,0.00475441,105535,220.291
2015-08-07 00:04:11,1438877650000,1.7e-05,0.00473581,105113,9.77494
2015-08-06 00:04:10,1438835350000,1.93502e-05,0.00545446,121054,396.723
2015-08-05 00:04:11,1438748950000,1.94799e-05,0.00555602,123299,335.163
2015-08-04 00:04:11,1438632551000,1.96129e-05,0.00551567,122396,40.9456
2015-08-03 00:04:12,1438576150000,1.95076e-05,0.00551311,122330,922.804
2015-08-02 00:04:11,1438490050000,1.901e-05,0.00535324,118775,374.586
2015-08-01 00:04:16,1438403350000,1.988e-05,0.00565884,125547,688.235
2015-07-31 00:04:10,1438316953000,1.94215e-05,0.005588,123966,1375.88
2015-07-30 00:04:10,1438230551000,1.89661e-05,0.0054924,121835,1195.78
2015-07-29 00:04:09,1438144150000,1.87428e-05,0.00551839,122404,243.083
2015-07-28 00:04:10,1438057750000,1.83698e-05,0.0053938,119634,1277.81
2015-07-27 00:04:11,1437971350000,1.83792e-05,0.00537934,119305,183.456
2015-07-26 00:04:10,1437884950000,1.85164e-05,0.00534562,118546,539.001
2015-07-25 00:04:11,1437798551000,1.8e-05,0.005189,115064,1199.76
2015-07-24 00:04:11,1437712150000,1.6999e-05,0.00469255,104050,316.499
2015-07-23 00:04:11,1437626961000,1.69148e-05,0.00468916,103969,2515.48
2015-07-22 00:04:10,1437539951000,1.62827e-05,0.00449131,99576,773.31
2015-07-21 00:04:10,1437453550000,1.60106e-05,0.00446664,99023,957.917
2015-07-20 00:04:12,1437367152000,1.62355e-05,0.00444226,98477,416.877
2015-07-19 00:04:16,1437281055000,1.63029e-05,0.00448169,99345,354.103
2015-07-18 00:04:16,1437194355000,1.6261e-05,0.00454449,100731,489.561
2015-07-17 00:04:12,1437107951000,1.56964e-05,0.004365,96747,2668.95
2015-07-16 00:04:40,1437021555000,1.42088e-05,0.00406089,90002,1306.15
2015-07-15 00:04:11,1436935153000,1.45479e-05,0.00418162,92673,1031.21
2015-07-14 00:04:14,1436848451000,1.45215e-05,0.00424107,93986,514.972
2015-07-13 00:04:14,1436762353000,1.44921e-05,0.00450483,99826,769.376
2015-07-12 00:04:10,1436675949000,1.50748e-05,0.00441878,97915,531.191
2015-07-11 00:04:11,1436589549000,1.52189e-05,0.00433538,96062,751.135
2015-07-10 00:04:10,1436503149000,1.61732e-05,0.00435429,96476,1363.56
2015-07-09 00:04:09,1436416749000,1.69543e-05,0.00459097,101716,2556.86
2015-07-08 00:04:09,1436330350000,1.39717e-05,0.00371936,82401,926.896
2015-07-07 00:04:21,1436243949000,1.41285e-05,0.00380099,84205,1176.76
2015-07-06 00:04:09,1436157552000,1.45629e-05,0.00395984,87720,565.78
2015-07-05 00:04:11,1436071149000,1.45012e-05,0.00378316,83801,733.238
2015-07-04 00:04:10,1435984750000,1.4e-05,0.0035887,79489,929.707
2015-07-03 00:04:10,1435898349000,1.31652e-05,0.00336254,74473,708.909
2015-07-02 00:04:09,1435811950000,1.36434e-05,0.00352848,78145,746.435
2015-07-01 00:04:14,1435725554000,1.30104e-05,0.00342267,75798,960.879
2015-06-30 00:04:09,1435639150000,1.35175e-05,0.00347486,76951,651.826
2015-06-29 00:04:10,1435552749000,1.33806e-05,0.00333192,73782,557.615
2015-06-28 00:04:09,1435466349000,1.40214e-05,0.00351924,77922,1097.8
2015-06-27 00:04:09,1435380249000,1.44824e-05,0.00352784,78107,3073.19
2015-06-26 00:04:10,1435294150000,1.42059e-05,0.00344917,76360,523.603
2015-06-25 00:04:12,1435207750000,1.43779e-05,0.00345811,76554,1023.74
2015-06-24 00:04:10,1435121349000,1.47619e-05,0.00360626,79831,1055.93
2015-06-23 00:04:10,1435034950000,1.36566e-05,0.00337305,74665,1472.44
2015-06-22 00:04:10,1434948550000,1.45864e-05,0.00355828,78761,542.123
2015-06-21 00:04:09,1434862150000,1.32758e-05,0.00325538,72053,155.604
2015-06-20 00:04:10,1434775749000,1.30787e-05,0.00319913,70802,772.439
2015-06-19 00:04:09,1434689349000,1.35818e-05,0.00338198,74846,505.403
2015-06-18 00:04:09,1434602950000,1.33356e-05,0.00332436,73568,2635.25
2015-06-17 00:04:10,1434516549000,1.17431e-05,0.00294628,65197,677.936
2015-06-16 00:04:09,1434430149000,1.16886e-05,0.00276814,61252,699.581
2015-06-15 00:04:11,1434343749000,1.19285e-05,0.00278583,61640,208.675
2015-06-14 00:04:10,1434257350000,1.1059e-05,0.00257014,56865,589.041
2015-06-13 00:04:11,1434170950000,1.18984e-05,0.00273642,60541,197.694
2015-06-12 00:04:10,1434084555000,1.21305e-05,0.00278643,61645,148.213
2015-06-11 00:04:09,1433998150000,1.20284e-05,0.00275212,60883,332.866
2015-06-10 00:04:10,1433911750000,1.18447e-05,0.002713,60015,176.098
2015-06-09 00:04:10,1433825350000,1.18679e-05,0.00271169,59984,143.541
2015-06-08 00:04:11,1433738950000,1.09915e-05,0.00244979,54188,44.0956
2015-06-07 00:04:11,1433652550000,1.11719e-05,0.0025206,55751,71.7102
2015-06-06 00:04:11,1433563750000,1.2173e-05,0.00273833,60564,152.621
2015-06-05 00:04:10,1433479750000,1.2481e-05,0.0027998,61921,926.778
2015-06-04 00:04:10,1433393350000,1.06708e-05,0.00241025,53303,507.648
2015-06-03 00:04:10,1433306950000,1.26923e-05,0.00286595,63378,854.394
2015-06-02 00:04:08,1433220549000,1.13499e-05,0.00253018,55950,6.68094
2015-06-01 00:04:11,1433134150000,1.10328e-05,0.00253964,56156,79.2784
2015-05-31 00:04:09,1433047749000,1.19047e-05,0.00277791,61423,657.463
2015-05-30 00:04:09,1432961951000,1.02952e-05,0.00244096,53970,613.467
2015-05-29 00:04:10,1432884250000,1.19702e-05,0.00284183,62831,47.9941
2015-05-28 00:04:14,1432790056000,1.19962e-05,0.00284649,62931,291.384
2015-05-27 00:04:10,1432702749000,1.02401e-05,0.0024281,53679,39.0637
2015-05-26 00:04:09,1432616351000,1.01776e-05,0.00241321,53348,254.682
2015-05-25 00:04:10,1432529949000,1.016e-05,0.00244808,54116,90.8511
2015-05-24 00:04:10,1432443549000,1.02526e-05,0.00244905,54135,100.1
2015-05-23 00:04:10,1432357150000,1.10171e-05,0.00264793,58529,314.323
2015-05-22 00:04:10,1432270749000,1.10465e-05,0.00259973,57461,2.46571
2015-05-21 00:04:10,1432184350000,1.1e-05,0.0025742,56895,202.584
2015-05-20 00:04:10,1432097950000,1.02611e-05,0.00238004,52601,25.1712
2015-05-19 00:04:10,1432011549000,1.09655e-05,0.00255636,56496,40.5583
2015-05-18 00:04:10,1431925149000,1.23188e-05,0.00291712,64466,209.179
2015-05-17 00:04:10,1431838750000,1.12012e-05,0.0026452,58454,1031.93
2015-05-16 00:04:09,1431752349000,1.15629e-05,0.0027474,60710,1276.1
2015-05-15 00:04:13,1431665949000,1.10013e-05,0.00260654,57595,473.299
2015-05-14 00:04:09,1431579549000,1.06601e-05,0.00251981,55676,220.017
2015-05-13 00:04:11,1431493150000,1.19946e-05,0.00289204,63897,500.478
2015-05-12 00:04:09,1431406750000,1.1413e-05,0.00276374,61060,315.227
2015-05-11 00:04:09,1431320349000,1.2376e-05,0.00297391,65700,158.78
2015-05-10 00:04:09,1431233950000,1.21e-05,0.00292618,64642,414.944
2015-05-09 00:04:10,1431147549000,1.2184e-05,0.00297124,65635,439.034
2015-05-08 00:04:10,1431061749000,1.18517e-05,0.00281282,62133,46.9949
2015-05-07 00:04:09,1430974750000,1.17528e-05,0.00270059,59651,90.4927
2015-05-06 00:04:08,1430891649000,1.197e-05,0.00282637,62427,53.256
2015-05-05 00:04:09,1430802249000,1.211e-05,0.00289451,63929,68.0966
2015-05-04 00:04:09,1430716149000,1.24739e-05,0.00299821,66217,394.451
2015-05-03 00:04:09,1430629749000,1.15214e-05,0.00270673,59777,474.936
2015-05-02 00:04:10,1430543349000,1.18694e-05,0.00275464,60832,613.804
2015-05-01 00:04:11,1430456950000,1.21301e-05,0.00286445,63255,382.489
2015-04-30 00:04:09,1430370549000,1.20005e-05,0.0027098,59837,396.889
2015-04-29 00:04:11,1430284150000,1.05307e-05,0.0023784,52517,162.096
2015-04-28 00:04:11,1430197751000,1.13328e-05,0.00259846,57374,491.096
2015-04-27 00:04:10,1430111351000,1.14818e-05,0.00251945,55627,112.771
2015-04-26 00:04:11,1430036650000,1.06121e-05,0.00240248,53042,1818.67
2015-04-25 00:04:10,1429926551000,1.12743e-05,0.00260739,57564,140.68
2015-04-24 00:04:11,1429852151000,1.308e-05,0.00309292,68280,580.057
2015-04-23 00:04:11,1429765751000,1.15641e-05,0.00270805,59781,480.061
2015-04-22 00:04:10,1429679350000,1.31287e-05,0.00308878,68182,668.083
2015-04-21 00:04:11,1429592951000,1.31992e-05,0.00296487,65444,518.033
2015-04-20 00:04:10,1429506550000,1.39004e-05,0.00309422,68297,150.237
2015-04-19 00:04:10,1429420150000,1.38e-05,0.00308231,68031,849.156
2015-04-18 00:04:10,1429333751000,1.43034e-05,0.00318796,70359,462.112
2015-04-17 00:04:10,1429247350000,1.38432e-05,0.00316419,69831,891.404
2015-04-16 00:04:11,1429160950000,1.37211e-05,0.00307123,67776,1396.61
2015-04-15 00:04:12,1429074551000,1.401e-05,0.00307043,67755,1272.76
2015-04-14 00:04:12,1428988150000,1.38824e-05,0.00311781,68797,1289.37
2015-04-13 00:04:10,1428901750000,1.39525e-05,0.00329493,72702,2205.68
2015-04-12 00:04:11,1428815350000,1.21147e-05,0.00286575,63229,910.514
2015-04-11 00:04:10,1428728950000,1.29003e-05,0.00304539,67189,3402.88
2015-04-10 00:04:11,1428642551000,1.23306e-05,0.00300468,66287,3604.5
2015-04-09 00:04:10,1428557051000,1.247e-05,0.00305543,67403,584.287
2015-04-08 00:04:10,1428469751000,1.20661e-05,0.0030549,67388,2798.54
2015-04-07 00:04:10,1428383950000,1.25154e-05,0.00319758,70531,1701.85
2015-04-06 00:04:11,1428297550000,1.38736e-05,0.00361543,79744,2711.11
2015-04-05 00:04:11,1428211150000,1.25926e-05,0.00319471,70461,3370.71
2015-04-04 00:04:10,1428124750000,1.08248e-05,0.00275299,60716,1779.63
2015-04-03 00:04:10,1428038351000,1.11682e-05,0.00282561,62315,2589.92
2015-04-02 00:04:10,1427951951000,1.04323e-05,0.00257962,56886,2796.65
2015-04-01 00:04:10,1427855354000,1.07251e-05,0.00261932,57757,1991.67
2015-03-31 00:04:12,1427779150000,1.06071e-05,0.00262554,57892,2425.02
2015-03-30 00:04:14,1427692751000,1.19384e-05,0.0028976,63888,3989.94
2015-03-29 00:04:11,1427606350000,1.00261e-05,0.00253459,55881,3666.54
2015-03-28 00:04:13,1427519950000,1.15274e-05,0.00284761,62780,2351.53
2015-03-27 00:04:10,1427433551000,1.13857e-05,0.00282972,62382,5672.37
2015-03-26 00:04:10,1427347150000,1.1755e-05,0.00289405,63797,2145.06
2015-03-25 00:04:11,1427260750000,8.24222e-06,0.00202425,44621,6870.06
2015-03-24 00:04:11,1427174350000,1.10899e-05,0.00295812,65205,3752.58
2015-03-23 00:04:10,1427087950000,1.26485e-05,0.00338928,74706,6517.13
2015-03-22 00:04:11,1427001551000,1.354e-05,0.00352074,77598,2580.07
2015-03-21 00:04:10,1426915150000,1.2858e-05,0.00336556,74174,314.055
2015-03-20 00:04:10,1426828750000,1.09008e-05,0.00284432,62683,1177.29
2015-03-19 00:04:10,1426742350000,1.27128e-05,0.00325828,71803,1870.78
2015-03-18 00:04:10,1426655950000,1.09897e-05,0.00313763,69140,1482.55
2015-03-17 00:04:11,1426569550000,9.0585e-06,0.00263234,58003,469.123
2015-03-16 00:04:09,1426483151000,9.21183e-06,0.0026382,58130,1115.48
2015-03-15 00:04:10,1426396751000,1.11153e-05,0.00313325,69035,550.991
2015-03-14 00:04:10,1426310350000,1.15443e-05,0.00329401,72573,241.408
2015-03-13 00:04:10,1426223950000,1.37482e-05,0.00404683,89155,262.079
2015-03-12 00:04:09,1426137550000,1.36789e-05,0.00405415,89313,179.844
2015-03-11 00:04:09,1426051450000,1.18986e-05,0.00347153,76475,516.964
2015-03-10 00:04:10,1425965349000,1.41457e-05,0.00409668,90241,1492.44
2015-03-09 00:04:09,1425878950000,1.16304e-05,0.00319086,70283,2288.61
2015-03-08 00:04:10,1425792550000,1.63037e-05,0.00450407,99203,4568.7
2015-03-07 00:04:10,1425706149000,1.56312e-05,0.004263,93889,7460.7
2015-03-06 00:04:09,1425619749000,1.38155e-05,0.00381553,84029,1652.26
2015-03-05 00:04:09,1425533349000,1.20067e-05,0.00327892,72208,2166.63
2015-03-04 00:04:07,1425461650000,1.1182e-05,0.00315,69365,3148.79
2015-03-03 00:04:10,1425358749000,1.05417e-05,0.00290604,63989,2858.4
2015-03-02 00:04:09,1425274150000,5.07283e-06,0.00131996,29063,452.038
2015-03-01 00:04:09,1425187750000,4.80852e-06,0.00122263,26919,381.265
2015-02-27 00:04:09,1425014950000,3.59399e-06,0.000849712,18707,133.146
2015-02-26 00:04:10,1424928549000,3.75224e-06,0.000891045,19616,99.4725
2015-02-25 00:04:09,1424842150000,4.1264e-06,0.000985117,21686,482.129
2015-02-24 00:04:09,1424755750000,4.98544e-06,0.00119098,26216,491.451
2015-02-23 00:04:09,1424669349000,4.07072e-06,0.000960595,21144,495.069
2015-02-22 00:04:11,1424582949000,5.05812e-06,0.00123688,27224,495.004
2015-02-21 00:04:09,1424496549000,4.52111e-06,0.00110215,24257,7.86629
2015-02-20 00:04:09,1424410149000,4.54293e-06,0.00109159,24024,1.42475
2015-02-19 00:04:09,1424323750000,4.62891e-06,0.00109393,24074,2.81911
2015-02-18 00:04:10,1424237349000,5.25372e-06,0.00127986,28165,0.322138
2015-02-17 00:04:09,1424150950000,4.98214e-06,0.00116504,25637,8.45233
2015-02-16 00:04:10,1424064550000,5.63489e-06,0.00132321,29117,38.8893
2015-02-15 00:04:10,1423978150000,4.67098e-06,0.00120194,26447,259.613
2015-02-14 00:04:12,1423892350000,5.05098e-06,0.00118914,26164,7.65071
2015-02-13 00:04:10,1423805950000,4.81773e-06,0.0010684,23507,29.6949
2015-02-12 00:04:10,1423719550000,4.6e-06,0.00100825,22182,0.124039
2015-02-11 00:04:10,1423633151000,5.25e-06,0.00115415,25391,135.18
2015-02-10 00:04:10,1423546750000,4.29197e-06,0.000944705,20782,153.155
2015-02-09 00:04:11,1423460352000,4.70487e-06,0.00105112,23123,1.21091
2015-02-08 00:04:12,1423373951000,4.58035e-06,0.00104319,22947,47.9417
2015-02-07 00:04:11,1423287551000,4.70613e-06,0.00104601,23008,149.723
2015-02-05 00:04:12,1423114750000,4.73e-06,0.00107068,23548,114.991
2015-02-04 00:04:10,1423028350000,7.76753e-06,0.00176531,38824,3.19738
2015-02-03 00:04:10,1422941950000,5.7296e-06,0.00136496,30018,133.241
2015-02-02 00:04:09,1422855551000,4.72009e-06,0.00107133,23559,347.105
2015-02-01 00:04:09,1422769150000,5.74473e-06,0.00124927,27471,13.8477
2015-01-31 00:04:10,1422682450000,5.4687e-06,0.00123825,27228,0.515785
2015-01-30 00:04:10,1422596350000,5.06388e-06,0.00118248,26000,33.6794
2015-01-29 00:04:10,1422509949000,4.97847e-06,0.00116454,25605,61.1909
2015-01-28 00:04:10,1422423549000,5.03724e-06,0.00132719,29180,9.36307
2015-01-27 00:04:09,1422337150000,4.74476e-06,0.00129756,28527,137.775
2015-01-26 00:04:10,1422250750000,5.01378e-06,0.00127209,27966,75.7022
2015-01-25 00:04:10,1422164349000,5.88551e-06,0.00145871,32068,9.12303
2015-01-24 00:04:10,1422077949000,6.0654e-06,0.0014125,31050,91.7797
2015-01-23 00:04:09,1421991549000,5.93543e-06,0.00138536,30452,111.09
2015-01-22 00:04:09,1421905149000,5.48143e-06,0.00124372,27337,252.497
2015-01-21 00:04:09,1421818749000,6.68199e-06,0.00141201,31035,1.63596
2015-01-20 00:04:09,1421732349000,6.93611e-06,0.0014903,32754,278.176
2015-01-19 00:04:10,1421646550000,6.63552e-06,0.00139571,30674,298.328
2015-01-18 00:04:10,1421560149000,7.62598e-06,0.00151955,33394,4.70163
2015-01-17 00:04:09,1421473750000,6.31206e-06,0.00131352,28865,172.598
2015-01-16 00:04:09,1421387350000,7.008e-06,0.00147059,32314,563.181
2015-01-15 00:04:09,1421300950000,6.94468e-06,0.00123687,27177,154.584
2015-01-14 00:04:09,1421214550000,7.03838e-06,0.0015897,34927,125.068
2015-01-13 00:04:09,1421128152000,7.04756e-06,0.00188731,41464,268.895
2015-01-12 00:04:09,1421041749000,5.82929e-06,0.00154861,34021,7.77406
2015-01-11 00:04:10,1420955349000,6.03509e-06,0.00165842,36432,62.4022
2015-01-09 00:04:10,1420763949000,6.44107e-06,0.00182507,40090,10.2737
2015-01-08 00:04:10,1420696149000,6.57821e-06,0.00193621,42529,337.322
2015-01-07 00:04:11,1420609750000,6.96014e-06,0.00199192,43751,481.697
2015-01-06 00:04:10,1420523351000,6.8772e-06,0.00188761,41458,460.587
2015-01-05 00:04:10,1420436950000,7.78472e-06,0.00205668,45170,999.622
2015-01-04 00:04:10,1420350549000,6.39991e-06,0.0017989,39507,292.487
2015-01-03 00:04:09,1420264149000,5.99739e-06,0.00188937,41493,371.235
2015-01-02 00:04:09,1420177750000,6.64631e-06,0.0020886,45866,408.633
2015-01-01 00:04:09,1420091350000,6.67337e-06,0.00213677,46922,144.121
2014-12-31 00:04:09,1420004950000,5.75837e-06,0.00178934,39291,49.4431
2014-12-30 00:04:09,1419918549000,6.02787e-06,0.00188473,41384,40.1491
2014-12-29 00:04:10,1419832150000,5.97869e-06,0.00189667,41645,15.0297
2014-12-28 00:04:09,1419745749000,6.35457e-06,0.00200717,44069,238.225
2014-12-27 00:04:10,1419659349000,6.36849e-06,0.00208838,45851,97.1156
2014-12-26 00:04:09,1419572950000,7.32116e-06,0.00233551,51275,28.0733
2014-12-25 00:04:10,1419486550000,7.2195e-06,0.00232853,51120,270.798
2014-12-24 00:04:09,1419400149000,4.24546e-06,0.00142041,31182,51.8806
2014-12-23 00:04:10,1419314349000,7.37049e-06,0.00244616,53698,54.5376
2014-12-22 00:04:13,1419227956000,7.75026e-06,0.00248662,54584,140.055
2014-12-21 00:04:11,1419141550000,7.52813e-06,0.00248395,54524,313.552
2014-12-20 00:04:13,1419055152000,6.88336e-06,0.00218783,48022,345.652
2014-12-19 00:04:09,1418968749000,5.37541e-06,0.00167388,36739,472.611
2014-12-18 00:04:09,1418882350000,7.00961e-06,0.00224151,49196,93.7812
2014-12-17 00:04:10,1418795950000,7.00807e-06,0.00229207,50304,19.8155
2014-12-16 00:04:10,1418709252000,1.18045e-05,0.00407663,89468,175.161
2014-12-15 00:04:10,1418627050000,5.90545e-06,0.00207654,45571,25.0011
2014-12-14 00:04:11,1418536749000,7.68612e-06,0.00266997,58592,372.592
2014-12-11 00:04:11,1418252050000,8.2602e-06,0.00286104,62779,170.386
2014-12-10 00:04:10,1418191150000,9.00964e-06,0.00317337,69629,1073.39
2014-12-09 00:04:10,1418104750000,8.81966e-06,0.00319191,70034,164.981
2014-12-08 00:04:10,1418018350000,8.54767e-06,0.00320619,70344,113.695
2014-12-07 00:04:11,1417931950000,1.22834e-05,0.00460365,101001,89.7687
2014-12-06 00:04:10,1417845551000,9.77858e-06,0.0036851,80846,27.9229
2014-12-05 00:04:10,1417759150000,9.39463e-06,0.00347229,76174,253.962
2014-12-04 00:04:10,1417672750000,8.98063e-06,0.00336782,73879,45.1028
2014-12-03 00:04:12,1417586351000,8.78603e-06,0.00335024,73485,751.874
2014-12-02 00:04:10,1417499950000,9.12809e-06,0.00346178,75920,1593.27
2014-12-01 00:04:11,1417413550000,7.1476e-06,0.00270213,59256,76.4244
2014-11-30 00:04:10,1417327150000,7.06036e-06,0.0026511,58137,177.984
2014-11-29 00:04:10,1417240750000,7.15673e-06,0.00269413,59081,136.243
2014-11-28 00:04:10,1417154350000,6.68745e-06,0.00247215,54213,158.415
2014-11-27 00:04:10,1417068551000,7.34888e-06,0.00270711,59366,87.9531
2014-11-26 00:04:10,1416983051000,5.692e-06,0.00213648,46852,91.9365
2014-11-25 00:04:11,1416895750000,7.90739e-06,0.0029803,65357,396.156
2014-11-24 00:04:10,1416809351000,7.04261e-06,0.00258867,56768,924.36
2014-11-23 00:04:10,1416722951000,6.29131e-06,0.00222033,61989,185.694
2014-11-22 00:04:10,1416636550000,6.67645e-06,0.00234242,65097,484.354
2014-11-21 00:04:10,1416550151000,6.01014e-06,0.00215067,59434,405.814
2014-11-20 00:04:10,1416463751000,4.61394e-06,0.00175586,48246,356.482
2014-11-19 00:04:12,1416377350000,4.60501e-06,0.00172779,47224,206.323
2014-11-18 00:04:11,1416290954000,4.51779e-06,0.00175023,47565,116.05
2014-11-17 00:04:10,1416204550000,4.21762e-06,0.00163594,44208,201.763
2014-11-16 00:04:09,1416118149000,5.05314e-06,0.00190065,51074,226.594
2014-11-15 00:04:10,1416031750000,5.14413e-06,0.00204643,54721,306.767
2014-11-14 00:04:10,1415945350000,6.89681e-06,0.00290173,77167,732.211
2014-11-13 00:04:09,1415858951000,6.69848e-06,0.00283721,75062,411.346
2014-11-12 00:04:10,1415772550000,6.76255e-06,0.00248656,65405,139.918
2014-11-11 00:04:10,1415686150000,7.04997e-06,0.0025868,67682,574.036
2014-11-10 00:04:11,1415599751000,6.65373e-06,0.00241706,62871,255.456
2014-11-09 00:04:09,1415513350000,6.29416e-06,0.00217456,56224,542.021
2014-11-08 00:04:10,1415426951000,5.9527e-06,0.00203829,52402,386.278
2014-11-07 00:04:11,1415340550000,5.99749e-06,0.00209486,53535,149.542
2014-11-06 00:04:10,1415254154000,5.78443e-06,0.00196373,49885,350.493
2014-11-05 00:04:10,1415167751000,5.49248e-06,0.00181522,45841,575.934
2014-11-04 00:04:11,1415081350000,5.6004e-06,0.00183443,46050,430.635
2014-11-03 00:04:11,1414994950000,5.06472e-06,0.00165055,41165,694.593
2014-11-02 00:04:10,1414908551000,5.02328e-06,0.00163633,40580,157.246
2014-11-01 00:04:11,1414822151000,4.816e-06,0.00162935,40176,162.683
2014-10-31 00:04:11,1414736350000,4.83981e-06,0.00167121,40944,337.834
2014-10-30 00:04:09,1414649951000,4.67927e-06,0.00157032,38232,462.161
2014-10-29 00:04:11,1414563549000,3.98737e-06,0.00142596,34491,121.035
2014-10-28 00:04:19,1414477151000,4.00284e-06,0.00141296,33963,196.177
2014-10-27 00:04:11,1414390750000,3.6265e-06,0.00128633,30713,350.642
2014-10-26 00:04:11,1414304351000,4.07787e-06,0.00141613,33597,440.762
2014-10-25 00:04:10,1414217951000,4.5094e-06,0.00161592,38119,242.077
2014-10-24 00:04:11,1414131552000,5.65312e-06,0.00202618,47516,1100.84
2014-10-23 00:04:11,1414045150000,5.89717e-06,0.00225955,52660,907.734
2014-10-22 00:04:11,1413958750000,6.15146e-06,0.00237739,55008,128.167
2014-10-21 00:04:12,1413872350000,7.49108e-06,0.00286792,65879,77.0329
2014-10-20 00:04:10,1413785951000,7.13666e-06,0.00278006,63527,420.534
2014-10-19 00:04:10,1413699549000,7.70928e-06,0.00301773,68438,148.495
2014-10-18 00:04:09,1413613149000,6.85979e-06,0.0026325,59165,34.6713
2014-10-17 00:04:10,1413527049000,7.448e-06,0.00284928,64037,20.533
2014-10-16 00:04:09,1413440349000,5.68581e-06,0.0022446,50447,48.4838
2014-10-15 00:04:09,1413353949000,9.46136e-06,0.00379278,85242,8.85079
2014-10-14 00:04:09,1413267549000,2.85886e-06,0.00111614,25085,80.9345
2014-10-13 00:04:11,1413181149000,7.78939e-06,0.00294867,66271,224.932
2014-10-12 00:04:09,1413094749000,5.09239e-06,0.00184497,41465,19.6287
2014-10-11 00:04:09,1413008349000,6.05109e-06,0.00218785,49171,16.7954
2014-10-10 00:04:11,1412921954000,5.83154e-06,0.00212867,47841,17.7315
2014-10-09 00:04:09,1412835549000,4.54808e-06,0.0016052,36076,61.0738
2014-10-08 00:04:10,1412749149000,5.92327e-06,0.00199133,44754,7.00061
2014-10-07 00:04:09,1412662748000,7.80272e-06,0.00257551,57884,67.5152
2014-10-06 00:04:08,1412576949000,6.13827e-06,0.00196738,44216,17.8677
2014-10-05 00:04:10,1412490549000,6.4415e-06,0.00211839,47610,18.1811
2014-10-04 00:04:08,1412404149000,6.08199e-06,0.00218655,49142,13.5844
2014-10-03 00:04:08,1412317748000,6.68291e-06,0.00250657,56334,112.376
2014-10-01 00:04:09,1412118548000,7.91655e-06,0.00306326,68846,930.451
2014-09-30 00:04:10,1412058547000,8.00009e-06,0.00300377,67500,164.076
2014-09-29 00:04:08,1411972151000,7.50384e-06,0.0028303,63555,98.3713
2014-09-28 00:04:08,1411885749000,9.32986e-06,0.00372746,83647,258.39
2014-09-27 00:04:15,1411799348000,7.99938e-06,0.00323515,72548,180.943
2014-09-26 00:04:11,1411712948000,8.0832e-06,0.00332683,74558,73.9867
2014-09-25 00:04:09,1411627149000,7.99389e-06,0.00338305,75775,1316.13
2014-09-24 00:04:09,1411540148000,8.04506e-06,0.00350597,78478,270.019
2014-09-23 00:04:10,1411453749000,8.42922e-06,0.00338983,75828,150.614
2014-09-22 00:04:09,1411367350000,8.93953e-06,0.00356527,79702,175.641
2014-09-21 00:04:09,1411280948000,8.99666e-06,0.00367877,82190,175.958
2014-09-20 00:04:09,1411194550000,8.86853e-06,0.00350126,78172,184.091
2014-09-19 00:04:10,1411108149000,1.11215e-05,0.00472041,105321,1206.49
2014-09-18 00:04:09,1411021750000,7.36358e-06,0.00336762,75087,209.068
2014-09-17 00:04:09,1410935350000,7.28855e-06,0.00339688,75688,52.1417
2014-09-16 00:04:11,1410848949000,8.75661e-06,0.00416264,92687,537.539
2014-09-15 00:04:09,1410762549000,8.00596e-06,0.00382599,85141,193.829
2014-09-14 00:04:10,1410676150000,8.16408e-06,0.00391061,86964,44.3099
2014-09-13 00:04:12,1410589748000,8.38255e-06,0.00400479,89006,76.0739
2014-09-12 00:04:09,1410503348000,8.15957e-06,0.00391455,86941,48.0402
2014-09-11 00:04:10,1410416949000,8.17339e-06,0.00391799,86962,337.579
2014-09-10 00:04:10,1410331149000,8.55386e-06,0.00406531,90169,421.751
2014-09-09 00:04:15,1410244750000,9.09358e-06,0.00431582,95668,136.205
2014-09-08 00:04:10,1410158349000,1.00214e-05,0.00483308,107070,1565.22
2014-09-07 00:04:10,1410071949000,8.2964e-06,0.00402234,89047,154.077
2014-09-06 00:04:11,1409985549000,8.47777e-06,0.00409766,90659,1080.24
2014-09-05 00:04:09,1409899149000,8.24025e-06,0.00403492,89208,128.029
2014-09-04 00:04:11,1409812750000,8.35085e-06,0.00398825,88123,147.899
2014-09-03 00:04:10,1409726949000,8.05244e-06,0.00384444,84887,523.799
2014-09-02 00:04:10,1409639950000,8.97218e-06,0.0042607,94018,184.164
2014-09-01 00:04:10,1409553549000,9.50052e-06,0.004539,100103,89.6541
2014-08-31 00:04:09,1409467150000,9.6451e-06,0.00486353,107187,124.215
2014-08-30 00:04:10,1409380749000,9.53846e-06,0.00485047,106839,382.141
2014-08-29 00:04:10,1409294349000,1.12676e-05,0.00572187,125952,1002.97
2014-08-28 00:04:10,1409207949000,7.77477e-06,0.0039741,87416,117.613
2014-08-27 00:04:10,1409121549000,7.8002e-06,0.00399035,87718,233.101
2014-08-26 00:04:09,1409035149000,7.91035e-06,0.00397492,87307,235.885
2014-08-25 00:04:11,1408948750000,8.02694e-06,0.00407998,89490,434.712
2014-08-24 00:04:10,1408862350000,9.76346e-06,0.00486294,106538,246.0
2014-08-23 00:04:10,1408775949000,8.13651e-06,0.00418252,91501,478.837
2014-08-22 00:04:09,1408689550000,8.49368e-06,0.00439325,96000,80.5261
2014-08-21 00:04:09,1408603149000,8.77915e-06,0.00449475,98090,307.497
2014-08-20 00:04:09,1408516750000,7.32251e-06,0.00355321,77436,6162.61
2014-08-19 00:04:09,1408430349000,7.34008e-06,0.00338715,73724,6226.53
2014-08-18 00:04:09,1408343949000,7.32895e-06,0.00360434,78356,6415.73
2014-08-17 00:04:09,1408257550000,7.71887e-06,0.00401156,87084,7833.4
2014-08-16 00:04:10,1408171150000,1.09939e-05,0.00546408,118465,6515.08
2014-08-15 00:04:10,1408085349000,1.10993e-05,0.00561595,121600,7595.23
2014-08-14 00:04:09,1407998949000,1.22741e-05,0.00670971,145090,8470.84
2014-08-13 00:04:10,1407912549000,1.46744e-05,0.00835913,180528,8592.93
2014-08-12 00:04:10,1407826149000,2.24918e-05,0.0129635,279617,10261.8
2014-08-11 00:04:09,1407739749000,1.22623e-05,0.00724776,156125,10374.2
2014-08-10 00:04:09,1407653348000,8.56397e-06,0.00504737,108563,8421.05
2014-08-09 00:04:10,1407566949000,7.47743e-06,0.00443095,95162,6864.48
2014-08-08 00:04:09,1407480549000,7.67303e-06,0.00451841,96909,7302.44
2014-08-07 00:04:08,1407394149000,7.25241e-06,0.00424014,90817,6453.94
2014-08-06 00:04:11,1407307749000,7.63297e-06,0.00446862,95575,7125.43
2014-08-05 00:04:10,1407221348000,7.3693e-06,0.00433891,92686,6667.62
2014-08-04 00:04:09,1407134949000,7.51308e-06,0.00440767,94027,6916.61
2014-08-03 00:04:10,1407049149000,8.27014e-06,0.00487387,103837,8111.81
2014-08-02 00:04:09,1406963050000,7.44572e-06,0.00442958,94232,6978.02
2014-08-01 00:04:10,1406875750000,8.987e-06,0.00526849,111929,14430.6
2014-07-31 00:04:10,1406789351000,8.00862e-06,0.00454324,96390,7849.1
2014-07-30 00:04:09,1406708949000,8.37552e-06,0.00489738,103766,8300.75
2014-07-29 00:04:10,1406616549000,7.79059e-06,0.00456288,96548,7436.52
2014-07-28 00:04:09,1406530149000,9.80864e-06,0.00582488,123085,14420.1
2014-07-27 00:04:09,1406443749000,1.02694e-05,0.00611863,129112,17347.8
2014-07-26 00:04:10,1406357349000,1.12984e-05,0.00679136,143086,52013.6
2014-07-25 00:04:10,1406270950000,1.01006e-05,0.00607788,127887,21403.6
2014-07-24 00:04:11,1406184549000,1.03539e-05,0.00641337,134788,12468.9
2014-07-23 00:04:10,1406098149000,1.1e-05,0.00683705,143486,22906.7
2014-07-22 00:04:10,1406012050000,9.51164e-06,0.00591825,124035,21225.7
2014-07-21 00:04:10,1405925349000,1.19718e-05,0.0074692,154946,31250.9
2014-07-20 00:04:09,1405838950000,7.96085e-06,0.00500351,103796,6344.89
2014-07-19 00:04:11,1405752555000,7.22021e-06,0.00453992,94179,974.896
2014-07-18 00:04:09,1405666151000,6.19196e-06,0.00385814,80034,412.399
2014-07-17 00:04:09,1405580349000,5.99278e-06,0.00369635,76678,391.242
2014-07-16 00:04:09,1405493949000,5.97433e-06,0.00371356,76887,544.214
2014-07-15 00:04:09,1405407549000,5.98844e-06,0.00370873,76634,797.561
2014-07-14 00:04:09,1405321149000,6.10044e-06,0.00382191,78793,859.301
2014-07-13 00:04:10,1405234749000,6.767e-06,0.00428834,88248,741.187
2014-07-12 00:04:09,1405148349000,7.98685e-06,0.00504771,103655,3167.35
2014-07-11 00:04:09,1405061949000,6.80943e-06,0.0041998,86074,2851.33
2014-07-10 00:04:10,1404975548000,7.75373e-06,0.00484228,99036,3488.65
2014-07-09 00:04:09,1404896650000,8.46763e-06,0.00529073,107965,4878.95
2014-07-08 00:05:57,1404815948000,7.86616e-06,0.00489361,99671,9763.3
2014-07-07 00:04:56,1404693870000,8.66526e-06,0.0055025,111828,10553.2
2014-07-06 00:04:39,1404639566000,1.326e-05,0.00838993,170170,10479.9
2014-07-06 00:00:19,1404640485000,1.27636e-05,0.00806371,163553,10475.4
2014-07-05 00:05:29,1404524417000,1.45075e-05,0.00913456,184926,19139.6
2014-07-04 00:00:41,1404450613000,1.47152e-05,0.00948609,191668,59314.4
2014-07-03 00:04:06,1404360297000,1.70175e-05,0.0110728,223254,206376.0
2014-07-02 00:05:12,1404276932000,8.9431e-06,0.00573729,115386,232413.0
2014-07-02 00:00:20,1404277211000,8.93679e-06,0.00572882,115215,232116.0
2014-07-01 00:04:54,1404188694000,9.07561e-06,0.00585493,117480,218218.0
2014-07-01 00:00:29,1404189023000,9.08586e-06,0.00582759,116930,217902.0
2014-06-30 00:05:17,1404111605000,7.78814e-06,0.00468839,93846,85727.3
2014-06-27 00:04:23,1403848782000,6.64754e-06,0.00386558,76869,5874.39
2014-06-26 00:05:32,1403788527000,7.49622e-06,0.00424037,84130,7440.29
2014-06-26 00:02:10,1403788834000,7.37871e-06,0.00417389,82811,7483.95
2014-06-25 00:01:08,1403673373000,7.16673e-06,0.00416967,82571,21471.0
2014-06-24 00:04:45,1403596801000,7.31319e-06,0.00434192,85766,20131.0
2014-06-23 00:05:43,1403506553000,6.99202e-06,0.00421512,82867,13594.4
2014-06-23 00:00:11,1403506837000,6.91129e-06,0.00416171,81817,13660.2
2014-06-22 00:05:56,1403420448000,8.03293e-06,0.00477906,93953,20988.3
2014-06-22 00:00:30,1403420767000,8.1873e-06,0.00487884,95915,20846.1
2014-06-21 00:05:43,1403334021000,7.3305e-06,0.0043576,85536,26532.1
2014-06-21 00:00:35,1403334354000,7.28573e-06,0.00432538,84904,26714.3
2014-06-20 00:00:06,1403247964000,7.92881e-06,0.00473669,92795,26609.3
2014-06-19 00:01:06,1403161556000,6.308e-06,0.00383571,74968,8352.02
2014-06-18 00:05:11,1403074825000,6.33367e-06,0.00386406,75362,11580.1
2014-06-17 00:01:58,1402988849000,8.5854e-06,0.00508153,98900,47999.5
2014-06-16 00:01:34,1402902453000,1.01595e-05,0.00600558,116624,60717.9
2014-06-15 00:02:20,1402816023000,1.02709e-05,0.00591159,114540,58630.8
2014-06-14 00:00:46,1402729554000,8.73339e-06,0.00524655,101352,62123.3
2014-06-13 00:01:37,1402643145000,6.61985e-06,0.00388182,74681,24383.7
2014-06-12 00:05:56,1402556806000,4.38059e-06,0.00277449,53173,19233.4
2014-06-12 00:01:00,1402557093000,4.3773e-06,0.0027727,53139,19221.0
2014-06-11 00:01:17,1402468274000,5.02484e-06,0.00328244,62675,856.59
2014-06-10 00:00:38,1402384518000,6.16438e-06,0.0040071,76244,2566.06
2014-06-09 00:05:33,1402297811000,6.71255e-06,0.00440197,83441,1579.51
2014-06-09 00:00:21,1402298143000,5.00423e-06,0.00328097,62191,1580.63
2014-06-08 00:04:07,1402211432000,4.262e-06,0.00279027,52677,2483.22
2014-06-07 00:00:44,1402125334000,7.44198e-06,0.00486349,91501,361.662
2014-06-06 00:05:39,1402038718000,6.85026e-06,0.00451084,84572,744.758
2014-06-05 00:00:50,1401955241000,7.0252e-06,0.00450366,84103,1711.71
2014-06-04 00:05:21,1401865830000,8.00559e-06,0.00534536,99489,5306.19
2014-06-04 00:00:15,1401866163000,8.02669e-06,0.00535199,99611,5248.14
2014-06-03 00:05:58,1401779441000,8.30445e-06,0.00548006,101600,2563.71
2014-06-03 00:00:28,1401779760000,8.27743e-06,0.00546766,101370,2752.57
2014-06-02 00:05:31,1401693026000,1.28094e-05,0.00809938,149588,7134.58
2014-06-02 00:00:38,1401693325000,1.14503e-05,0.0072096,133154,6944.76
2014-06-01 00:01:38,1401606924000,8.87949e-06,0.00553632,101850,19551.7
2014-05-31 00:05:23,1401520236000,8.01015e-06,0.00492865,90272,3293.81
2014-05-31 00:00:21,1401520535000,7.82683e-06,0.00481888,88262,3127.07
2014-05-30 00:05:21,1401434741000,7.43402e-06,0.00422384,77067,2313.74
2014-05-30 00:00:15,1401435007000,7.43502e-06,0.0042244,77077,2376.42
2014-05-29 00:04:10,1401347474000,6.91412e-06,0.00399011,72516,4337.95
2014-05-29 00:00:02,1401347738000,6.88971e-06,0.00397075,72163,4244.14
2014-05-28 00:05:03,1401261039000,6.2211e-06,0.00355816,64382,2938.5
2014-05-27 00:05:34,1401174917000,6.8101e-06,0.00396637,71462,1384.93
2014-05-27 00:00:16,1401175243000,6.81794e-06,0.00397205,71564,1386.92
2014-05-26 00:04:47,1401085529000,6.65691e-06,0.00380426,68253,1158.43
2014-05-26 00:00:38,1401085826000,6.66014e-06,0.00380556,68276,1158.83
2014-05-25 00:05:21,1401001806000,7.30735e-06,0.00383992,68635,2012.81
2014-05-25 00:00:07,1401002122000,7.30971e-06,0.00383926,68623,2012.46
2014-05-24 00:05:44,1400869192000,7.69209e-06,0.00400474,71294,2662.08
2014-05-24 00:00:12,1400869467000,7.67367e-06,0.00399837,71179,2657.84
2014-05-23 00:05:46,1400829069000,5.65636e-06,0.00296653,52580,1597.8
2014-05-23 00:00:47,1400829356000,5.63066e-06,0.00296012,52466,1594.35
2014-05-22 00:01:10,1400743235000,4.8047e-06,0.0023605,41673,1137.81
2014-05-21 00:00:58,1400656268000,4.9992e-06,0.00242861,42698,1168.05
2014-05-20 00:01:33,1400570232000,4.99793e-06,0.0022309,39050,968.036
2014-05-19 00:01:16,1400483806000,3.80232e-06,0.0016958,29564,1049.74
2014-05-18 00:01:41,1400397417000,3.50176e-06,0.00157116,27270,1110.46
2014-05-17 00:01:21,1400310968000,3.52674e-06,0.00158008,27307,1019.56
2014-05-16 00:00:41,1400224610000,2.46926e-06,0.00110471,19007,1202.64
2014-05-15 00:05:40,1400137861000,2.49181e-06,0.0011059,18943,1268.32
2014-05-15 00:01:03,1400138204000,2.48908e-06,0.00110549,18936,1267.85
2014-05-14 00:01:52,1400051222000,2.51907e-06,0.00111049,18941,1399.95
2014-05-13 00:01:50,1399965403000,2.9935e-06,0.00131997,22414,1664.3
2014-05-12 00:00:52,1399878978000,2.93373e-06,0.00128586,21747,896.187
2014-05-11 00:01:03,1399793209000,3.40276e-06,0.00154458,26015,2783.39
2014-05-10 00:05:57,1399706599000,2.34102e-06,0.00105582,17702,79.7626
2014-05-10 00:01:30,1399706838000,2.33585e-06,0.00105349,17662,79.5864
2014-05-09 00:00:53,1399622777000,1.92996e-06,0.000849526,14176,1825.71
2014-05-08 00:01:51,1399533949000,1.66496e-06,0.000732862,12101,3832.88
2014-05-07 00:01:14,1399447565000,1.7957e-06,0.000772065,12652,1625.0
2014-05-06 00:05:53,1399358769000,1.89201e-06,0.000819059,13288,2525.2
2014-05-06 00:01:02,1399359062000,1.85051e-06,0.000801944,13010,2517.69
2014-05-05 00:05:50,1399274419000,1.78516e-06,0.000777817,12521,1843.97
2014-05-05 00:00:35,1399274735000,1.79566e-06,0.000780718,12567,1850.84
2014-05-04 00:05:32,1399188052000,1.90364e-06,0.000833147,13274,1135.97
2014-05-04 00:00:31,1399188342000,1.89665e-06,0.000831713,13251,1134.02
2014-05-03 00:05:36,1399101592000,2.19256e-06,0.000984192,15544,2467.8
2014-05-03 00:01:07,1399101917000,2.18988e-06,0.000984137,15542,2467.7
2014-05-02 00:01:55,1399015584000,2.8891e-06,0.00132293,20705,3335.98
2014-05-01 00:04:57,1398928806000,1.1639e-06,0.000521142,8078,652.603
2014-04-30 00:05:49,1398831643000,1.03873e-06,0.000464535,7130,73.9621
2014-04-30 00:00:39,1398831912000,1.04023e-06,0.000464867,7135,74.0149
2014-04-29 00:05:52,1398739250000,1.90921e-06,0.000840099,12788,681.59
2014-04-29 00:00:56,1398739555000,1.9107e-06,0.000840675,12796,682.057
2014-04-28 00:01:14,1398669937000,2.92058e-06,0.00126382,19051,608.669
2014-04-27 00:05:11,1398583219000,2.3524e-06,0.00107456,16050,389.842
2014-04-27 00:00:25,1398583535000,2.35708e-06,0.00107775,16098,391.0
2014-04-26 00:00:06,1398497094000,2.79895e-06,0.00129229,19109,1003.32
2014-04-25 00:05:55,1398410455000,1.30502e-06,0.000652902,9561,1096.19
2014-04-25 00:00:16,1398410759000,1.30656e-06,0.000653395,9568,1097.02
2014-04-24 00:05:24,1398324005000,2.99948e-06,0.00147573,21400,1074.83
2014-04-24 00:00:10,1398324306000,3.00954e-06,0.00147715,21420,1081.41
2014-04-23 00:04:52,1398237569000,3.11183e-06,0.00152057,21834,366.152
2014-04-22 00:04:37,1398151485000,3.06967e-06,0.00152563,21683,54.1546
2014-04-21 00:05:13,1398065397000,2.87836e-06,0.00143349,20153,84.2919
2014-04-20 00:04:59,1397979276000,3.35493e-06,0.00168588,23459,81.036
2014-04-19 00:05:22,1397892281000,3.47115e-06,0.00166407,22953,121.309
2014-04-18 00:01:31,1397805934000,3.63459e-06,0.00180245,24597,1146.75
2014-04-17 00:01:36,1397719624000,3.49476e-06,0.00184861,24939,550.411
2014-04-16 00:00:33,1397634376000,3.73223e-06,0.00194892,26049,635.79
2014-04-15 00:05:19,1397546994000,4.25083e-06,0.00195267,25826,699.804
2014-04-15 00:00:21,1397547287000,4.26384e-06,0.00195443,25849,700.435
2014-04-14 00:05:40,1397460599000,4.68418e-06,0.00194196,25431,183.028
2014-04-14 00:00:53,1397460906000,4.67903e-06,0.00194099,25416,182.937
2014-04-13 00:05:49,1397374230000,5.74576e-06,0.0024234,31372,170.045
2014-04-13 00:00:24,1397374521000,5.7453e-06,0.00242142,31344,169.906
2014-04-12 00:05:15,1397287795000,4.50969e-06,0.00189821,24298,463.676
2014-04-12 00:00:04,1397288099000,4.51063e-06,0.00189847,24300,665.644
2014-04-11 00:05:10,1397201767000,5.46938e-06,0.0019897,25226,560.969
2014-04-11 00:00:18,1397202073000,6.30988e-06,0.00229497,29095,317.492
2014-04-10 00:05:48,1397115273000,6.30341e-06,0.00278917,34920,2791.43
2014-04-10 00:00:22,1397115585000,6.30476e-06,0.00278832,34908,2790.57
2014-04-09 00:05:55,1397028645000,6.61483e-06,0.0030008,37160,493.153
2014-04-09 00:00:29,1397028920000,6.62037e-06,0.0030002,37151,493.054
2014-04-08 00:05:36,1396941046000,6.46371e-06,0.00288948,35356,647.034
2014-04-08 00:00:58,1396941309000,6.49129e-06,0.00290558,35550,651.79
2014-04-07 00:04:37,1396855921000,6.66007e-06,0.00308071,37244,1369.52
2014-04-06 00:04:32,1396769356000,4.83204e-06,0.00224232,26784,868.873
2014-04-05 00:05:49,1396688995000,6.43163e-06,0.00287243,33876,588.211
2014-04-05 00:00:43,1396689312000,6.50167e-06,0.00290413,34247,589.332
2014-04-04 00:05:45,1396596625000,4.98747e-06,0.00222832,25967,251.611
2014-04-04 00:00:53,1396596896000,4.98938e-06,0.00222359,25911,254.887
2014-04-03 00:04:53,1396511192000,5.2891e-06,0.00230901,26621,1401.71
2014-04-02 00:01:03,1396424122000,7.13051e-06,0.00341649,38677,2514.55
2014-04-01 00:01:05,1396335921000,2.97757e-06,0.00136186,14930,248.376
2014-03-31 00:00:37,1396251296000,2.4596e-06,0.00113707,12149,107.185
2014-03-28 00:04:49,1395991177000,1.49375e-06,0.000715714,7006,0.100586
2014-03-27 00:04:53,1395917117000,1.85143e-06,0.00107471,10201,10.714
2014-03-26 00:00:54,1395811543000,1.12547e-06,0.00065669,6070,23.1941
2014-03-25 00:05:57,1395736490000,1.30092e-06,0.000760698,6799,46.4676
2014-03-25 00:01:11,1395736803000,1.29733e-06,0.0007586,6780,46.3395
2014-03-24 00:03:57,1395646432000,2.01783e-06,0.00113551,9878,188.997
2014-03-23 00:03:39,1395560344000,1.91331e-06,0.00108106,9095,130.136
2014-03-22 00:04:21,1395473953000,3.30351e-06,0.00188499,15388,514.855
2014-03-21 00:04:40,1395387613000,3.42307e-06,0.00201185,15856,269.84
